禁用物質名,禁用物質分類,禁用物質,使用規範,說明,,,,
"19-NORANDROSTENEDIONE (ESTR-4-ENE-3,17-DIONE)",S1,同化性藥物,賽內賽外禁用,本類含（1）同化性代謝雄性荷爾蒙（如外源性及內生性）、（2）其他同化性物質（如CLENBUTEROL及選擇性雄激素受體調節劑）。,,,,
19-NORANDROSTERONE,S1,同化性藥物,賽內賽外禁用,本類含（1）同化性代謝雄性荷爾蒙（如外源性及內生性）、（2）其他同化性物質（如CLENBUTEROL及選擇性雄激素受體調節劑）。,,,,
19-NORETIOCHOLANOLONE,S1,同化性藥物,賽內賽外禁用,本類含（1）同化性代謝雄性荷爾蒙（如外源性及內生性）、（2）其他同化性物質（如CLENBUTEROL及選擇性雄激素受體調節劑）。,,,,
"1-ANDROSTENEDIOL (5Α-ANDROST-1-ENE-3Β,17Β-DIOL)",S1,同化性藥物,賽內賽外禁用,本類含（1）同化性代謝雄性荷爾蒙（如外源性及內生性）、（2）其他同化性物質（如CLENBUTEROL及選擇性雄激素受體調節劑）。,,,,
"1-ANDROSTENEDIONE (5Α-ANDROST-1-ENE-3,17-DIONE)",S1,同化性藥物,賽內賽外禁用,本類含（1）同化性代謝雄性荷爾蒙（如外源性及內生性）、（2）其他同化性物質（如CLENBUTEROL及選擇性雄激素受體調節劑）。,,,,
1-ANDROSTERONE,S1,同化性藥物,賽內賽外禁用,本類含（1）同化性代謝雄性荷爾蒙（如外源性及內生性）、（2）其他同化性物質（如CLENBUTEROL及選擇性雄激素受體調節劑）。,,,,
1-TESTOSTERONE (17Β-HYDROXY-5Α-ANDROST-1-EN-3-ONE),S1,同化性藥物,賽內賽外禁用,本類含（1）同化性代謝雄性荷爾蒙（如外源性及內生性）、（2）其他同化性物質（如CLENBUTEROL及選擇性雄激素受體調節劑）。,,,,
3Β-HYDROXY-5Α-ANDROSTAN-17-ONE,S1,同化性藥物,賽內賽外禁用,本類含（1）同化性代謝雄性荷爾蒙（如外源性及內生性）、（2）其他同化性物質（如CLENBUTEROL及選擇性雄激素受體調節劑）。,,,,
"4-ANDROSTENEDIOL (ANDROST-4-ENE-3Β, 17Β-DIOL)",S1,同化性藥物,賽內賽外禁用,本類含（1）同化性代謝雄性荷爾蒙（如外源性及內生性）、（2）其他同化性物質（如CLENBUTEROL及選擇性雄激素受體調節劑）。,,,,
"4-HYDROXYTESTOSTERONE (4,17Β-DIHYDROXYANDROST-4-EN-3-ONE)",S1,同化性藥物,賽內賽外禁用,本類含（1）同化性代謝雄性荷爾蒙（如外源性及內生性）、（2）其他同化性物質（如CLENBUTEROL及選擇性雄激素受體調節劑）。,,,,
"5-ANDROSTENEDIONE (ANDROST-5-ENE-3,17-DIONE)",S1,同化性藥物,賽內賽外禁用,本類含（1）同化性代謝雄性荷爾蒙（如外源性及內生性）、（2）其他同化性物質（如CLENBUTEROL及選擇性雄激素受體調節劑）。,,,,
"5Α-ANDROSTANE-3Α,17Α-DIOL",S1,同化性藥物,賽內賽外禁用,本類含（1）同化性代謝雄性荷爾蒙（如外源性及內生性）、（2）其他同化性物質（如CLENBUTEROL及選擇性雄激素受體調節劑）。,,,,
"5Α-ANDROSTANE-3Α,17Β-DIOL",S1,同化性藥物,賽內賽外禁用,本類含（1）同化性代謝雄性荷爾蒙（如外源性及內生性）、（2）其他同化性物質（如CLENBUTEROL及選擇性雄激素受體調節劑）。,,,,
"5Α-ANDROSTANE-3Β,17Α-DIOL",S1,同化性藥物,賽內賽外禁用,本類含（1）同化性代謝雄性荷爾蒙（如外源性及內生性）、（2）其他同化性物質（如CLENBUTEROL及選擇性雄激素受體調節劑）。,,,,
"5Α-ANDROSTANE-3Β,17Β-DIOL",S1,同化性藥物,賽內賽外禁用,本類含（1）同化性代謝雄性荷爾蒙（如外源性及內生性）、（2）其他同化性物質（如CLENBUTEROL及選擇性雄激素受體調節劑）。,,,,
"5Β-ANDROSTANE-3Α,17Β-DIOL",S1,同化性藥物,賽內賽外禁用,本類含（1）同化性代謝雄性荷爾蒙（如外源性及內生性）、（2）其他同化性物質（如CLENBUTEROL及選擇性雄激素受體調節劑）。,,,,
7-KETO-DHEA,S1,同化性藥物,賽內賽外禁用,本類含（1）同化性代謝雄性荷爾蒙（如外源性及內生性）、（2）其他同化性物質（如CLENBUTEROL及選擇性雄激素受體調節劑）。,,,,
7Α-HYDROXY-DHEA,S1,同化性藥物,賽內賽外禁用,本類含（1）同化性代謝雄性荷爾蒙（如外源性及內生性）、（2）其他同化性物質（如CLENBUTEROL及選擇性雄激素受體調節劑）。,,,,
7Β-HYDROXY-DHEA,S1,同化性藥物,賽內賽外禁用,本類含（1）同化性代謝雄性荷爾蒙（如外源性及內生性）、（2）其他同化性物質（如CLENBUTEROL及選擇性雄激素受體調節劑）。,,,,
ANDARINE,S1,同化性藥物,賽內賽外禁用,本類含（1）同化性代謝雄性荷爾蒙（如外源性及內生性）、（2）其他同化性物質（如CLENBUTEROL及選擇性雄激素受體調節劑）。,,,,
"ANDROST-4-ENE-3Α,17Α-DIOL",S1,同化性藥物,賽內賽外禁用,本類含（1）同化性代謝雄性荷爾蒙（如外源性及內生性）、（2）其他同化性物質（如CLENBUTEROL及選擇性雄激素受體調節劑）。,,,,
"ANDROST-4-ENE-3Α,17Β-DIOL",S1,同化性藥物,賽內賽外禁用,本類含（1）同化性代謝雄性荷爾蒙（如外源性及內生性）、（2）其他同化性物質（如CLENBUTEROL及選擇性雄激素受體調節劑）。,,,,
"ANDROST-4-ENE-3Β,17Α-DIOL",S1,同化性藥物,賽內賽外禁用,本類含（1）同化性代謝雄性荷爾蒙（如外源性及內生性）、（2）其他同化性物質（如CLENBUTEROL及選擇性雄激素受體調節劑）。,,,,
"ANDROST-5-ENE-3Α,17Α-DIOL",S1,同化性藥物,賽內賽外禁用,本類含（1）同化性代謝雄性荷爾蒙（如外源性及內生性）、（2）其他同化性物質（如CLENBUTEROL及選擇性雄激素受體調節劑）。,,,,
"ANDROST-5-ENE-3Α,17Β-DIOL",S1,同化性藥物,賽內賽外禁用,本類含（1）同化性代謝雄性荷爾蒙（如外源性及內生性）、（2）其他同化性物質（如CLENBUTEROL及選擇性雄激素受體調節劑）。,,,,
"ANDROST-5-ENE-3Β,17Α-DIOL",S1,同化性藥物,賽內賽外禁用,本類含（1）同化性代謝雄性荷爾蒙（如外源性及內生性）、（2）其他同化性物質（如CLENBUTEROL及選擇性雄激素受體調節劑）。,,,,
"ANDROSTANOLONE (5Α-DIHYDROTESTOSTERONE, 17Β-HYDROXY-5Α-ANDROSTAN-3-ONE)",S1,同化性藥物,賽內賽外禁用,本類含（1）同化性代謝雄性荷爾蒙（如外源性及內生性）、（2）其他同化性物質（如CLENBUTEROL及選擇性雄激素受體調節劑）。,,,,
"ANDROSTENEDIOL (ANDROST-5-ENE-3Β,17Β-DIOL)",S1,同化性藥物,賽內賽外禁用,本類含（1）同化性代謝雄性荷爾蒙（如外源性及內生性）、（2）其他同化性物質（如CLENBUTEROL及選擇性雄激素受體調節劑）。,,,,
"ANDROSTENEDIONE (ANDROST-4-ENE-3,17-DIONE)",S1,同化性藥物,賽內賽外禁用,本類含（1）同化性代謝雄性荷爾蒙（如外源性及內生性）、（2）其他同化性物質（如CLENBUTEROL及選擇性雄激素受體調節劑）。,,,,
ANDROSTERONE,S1,同化性藥物,賽內賽外禁用,本類含（1）同化性代謝雄性荷爾蒙（如外源性及內生性）、（2）其他同化性物質（如CLENBUTEROL及選擇性雄激素受體調節劑）。,,,,
"BOLANDIOL (ESTR-4-ENE-3Β,17Β-DIOL)",S1,同化性藥物,賽內賽外禁用,本類含（1）同化性代謝雄性荷爾蒙（如外源性及內生性）、（2）其他同化性物質（如CLENBUTEROL及選擇性雄激素受體調節劑）。,,,,
BOLASTERONE,S1,同化性藥物,賽內賽外禁用,本類含（1）同化性代謝雄性荷爾蒙（如外源性及內生性）、（2）其他同化性物質（如CLENBUTEROL及選擇性雄激素受體調節劑）。,,,,
BOLDENONE,S1,同化性藥物,賽內賽外禁用,本類含（1）同化性代謝雄性荷爾蒙（如外源性及內生性）、（2）其他同化性物質（如CLENBUTEROL及選擇性雄激素受體調節劑）。,,,,
"BOLDIONE (ANDROSTA-1,4-DIENE-3,17-DIONE)",S1,同化性藥物,賽內賽外禁用,本類含（1）同化性代謝雄性荷爾蒙（如外源性及內生性）、（2）其他同化性物質（如CLENBUTEROL及選擇性雄激素受體調節劑）。,,,,
CALUSTERONE,S1,同化性藥物,賽內賽外禁用,本類含（1）同化性代謝雄性荷爾蒙（如外源性及內生性）、（2）其他同化性物質（如CLENBUTEROL及選擇性雄激素受體調節劑）。,,,,
CLENBUTEROL,S1,同化性藥物,賽內賽外禁用,本類含（1）同化性代謝雄性荷爾蒙（如外源性及內生性）、（2）其他同化性物質（如CLENBUTEROL及選擇性雄激素受體調節劑）。,,,,
CLOSTEBOL,S1,同化性藥物,賽內賽外禁用,本類含（1）同化性代謝雄性荷爾蒙（如外源性及內生性）、（2）其他同化性物質（如CLENBUTEROL及選擇性雄激素受體調節劑）。,,,,
"DANAZOL ([1,2]OXAZOLO[4',5':2,3]PREGNA-4-EN-20-YN-17Α-OL)",S1,同化性藥物,賽內賽外禁用,本類含（1）同化性代謝雄性荷爾蒙（如外源性及內生性）、（2）其他同化性物質（如CLENBUTEROL及選擇性雄激素受體調節劑）。,,,,
"DANAZOL ([1,2]OXAZOLO[4',5':2,3]PREGNA-4-EN-20-YN-18Α-OL)",S1,同化性藥物,賽內賽外禁用,本類含（1）同化性代謝雄性荷爾蒙（如外源性及內生性）、（2）其他同化性物質（如CLENBUTEROL及選擇性雄激素受體調節劑）。,,,,
"DANAZOL ([1,2]OXAZOLO[4',5':2,3]PREGNA-4-EN-20-YN-19Α-OL)",S1,同化性藥物,賽內賽外禁用,本類含（1）同化性代謝雄性荷爾蒙（如外源性及內生性）、（2）其他同化性物質（如CLENBUTEROL及選擇性雄激素受體調節劑）。,,,,
"DANAZOL ([1,2]OXAZOLO[4',5':2,3]PREGNA-4-EN-20-YN-20Α-OL)",S1,同化性藥物,賽內賽外禁用,本類含（1）同化性代謝雄性荷爾蒙（如外源性及內生性）、（2）其他同化性物質（如CLENBUTEROL及選擇性雄激素受體調節劑）。,,,,
"DANAZOL ([1,2]OXAZOLO[4',5':2,3]PREGNA-4-EN-20-YN-21Α-OL)",S1,同化性藥物,賽內賽外禁用,本類含（1）同化性代謝雄性荷爾蒙（如外源性及內生性）、（2）其他同化性物質（如CLENBUTEROL及選擇性雄激素受體調節劑）。,,,,
"DANAZOL ([1,2]OXAZOLO[4',5':2,3]PREGNA-4-EN-20-YN-22Α-OL)",S1,同化性藥物,賽內賽外禁用,本類含（1）同化性代謝雄性荷爾蒙（如外源性及內生性）、（2）其他同化性物質（如CLENBUTEROL及選擇性雄激素受體調節劑）。,,,,
"DANAZOL ([1,2]OXAZOLO[4',5':2,3]PREGNA-4-EN-20-YN-23Α-OL)",S1,同化性藥物,賽內賽外禁用,本類含（1）同化性代謝雄性荷爾蒙（如外源性及內生性）、（2）其他同化性物質（如CLENBUTEROL及選擇性雄激素受體調節劑）。,,,,
"DANAZOL ([1,2]OXAZOLO[4',5':2,3]PREGNA-4-EN-20-YN-24Α-OL)",S1,同化性藥物,賽內賽外禁用,本類含（1）同化性代謝雄性荷爾蒙（如外源性及內生性）、（2）其他同化性物質（如CLENBUTEROL及選擇性雄激素受體調節劑）。,,,,
"DANAZOL ([1,2]OXAZOLO[4',5':2,3]PREGNA-4-EN-20-YN-25Α-OL)",S1,同化性藥物,賽內賽外禁用,本類含（1）同化性代謝雄性荷爾蒙（如外源性及內生性）、（2）其他同化性物質（如CLENBUTEROL及選擇性雄激素受體調節劑）。,,,,
"DANAZOL ([1,2]OXAZOLO[4',5':2,3]PREGNA-4-EN-20-YN-26Α-OL)",S1,同化性藥物,賽內賽外禁用,本類含（1）同化性代謝雄性荷爾蒙（如外源性及內生性）、（2）其他同化性物質（如CLENBUTEROL及選擇性雄激素受體調節劑）。,,,,
"DANAZOL ([1,2]OXAZOLO[4',5':2,3]PREGNA-4-EN-20-YN-27Α-OL)",S1,同化性藥物,賽內賽外禁用,本類含（1）同化性代謝雄性荷爾蒙（如外源性及內生性）、（2）其他同化性物質（如CLENBUTEROL及選擇性雄激素受體調節劑）。,,,,
"DANAZOL ([1,2]OXAZOLO[4',5':2,3]PREGNA-4-EN-20-YN-28Α-OL)",S1,同化性藥物,賽內賽外禁用,本類含（1）同化性代謝雄性荷爾蒙（如外源性及內生性）、（2）其他同化性物質（如CLENBUTEROL及選擇性雄激素受體調節劑）。,,,,
"DANAZOL ([1,2]OXAZOLO[4',5':2,3]PREGNA-4-EN-20-YN-29Α-OL)",S1,同化性藥物,賽內賽外禁用,本類含（1）同化性代謝雄性荷爾蒙（如外源性及內生性）、（2）其他同化性物質（如CLENBUTEROL及選擇性雄激素受體調節劑）。,,,,
"DANAZOL ([1,2]OXAZOLO[4',5':2,3]PREGNA-4-EN-20-YN-30Α-OL)",S1,同化性藥物,賽內賽外禁用,本類含（1）同化性代謝雄性荷爾蒙（如外源性及內生性）、（2）其他同化性物質（如CLENBUTEROL及選擇性雄激素受體調節劑）。,,,,
"DANAZOL ([1,2]OXAZOLO[4',5':2,3]PREGNA-4-EN-20-YN-31Α-OL)",S1,同化性藥物,賽內賽外禁用,本類含（1）同化性代謝雄性荷爾蒙（如外源性及內生性）、（2）其他同化性物質（如CLENBUTEROL及選擇性雄激素受體調節劑）。,,,,
"DANAZOL ([1,2]OXAZOLO[4',5':2,3]PREGNA-4-EN-20-YN-32Α-OL)",S1,同化性藥物,賽內賽外禁用,本類含（1）同化性代謝雄性荷爾蒙（如外源性及內生性）、（2）其他同化性物質（如CLENBUTEROL及選擇性雄激素受體調節劑）。,,,,
"DEHYDROCHLORMETHYLTESTOSTERONE (4-CHLORO-17Β-HYDROXY-17Α-METHYLANDROSTA-1,4-DIEN-3-ONE)",S1,同化性藥物,賽內賽外禁用,本類含（1）同化性代謝雄性荷爾蒙（如外源性及內生性）、（2）其他同化性物質（如CLENBUTEROL及選擇性雄激素受體調節劑）。,,,,
DESOXYMETHYLTESTOSTERONE (17Α-METHYL-5Α- ANDROST-2-EN-17Β-OL),S1,同化性藥物,賽內賽外禁用,本類含（1）同化性代謝雄性荷爾蒙（如外源性及內生性）、（2）其他同化性物質（如CLENBUTEROL及選擇性雄激素受體調節劑）。,,,,
DROSTANOLONE,S1,同化性藥物,賽內賽外禁用,本類含（1）同化性代謝雄性荷爾蒙（如外源性及內生性）、（2）其他同化性物質（如CLENBUTEROL及選擇性雄激素受體調節劑）。,,,,
EPI-DIHYDROTESTOSTERONE,S1,同化性藥物,賽內賽外禁用,本類含（1）同化性代謝雄性荷爾蒙（如外源性及內生性）、（2）其他同化性物質（如CLENBUTEROL及選擇性雄激素受體調節劑）。,,,,
EPITESTOSTERONE,S1,同化性藥物,賽內賽外禁用,本類含（1）同化性代謝雄性荷爾蒙（如外源性及內生性）、（2）其他同化性物質（如CLENBUTEROL及選擇性雄激素受體調節劑）。,,,,
ETHYLESTRENOL (19-NORPREGNA-4-EN-17Α-OL),S1,同化性藥物,賽內賽外禁用,本類含（1）同化性代謝雄性荷爾蒙（如外源性及內生性）、（2）其他同化性物質（如CLENBUTEROL及選擇性雄激素受體調節劑）。,,,,
ETIOCHOLANOLONE,S1,同化性藥物,賽內賽外禁用,本類含（1）同化性代謝雄性荷爾蒙（如外源性及內生性）、（2）其他同化性物質（如CLENBUTEROL及選擇性雄激素受體調節劑）。,,,,
FLUOXYMESTERONE,S1,同化性藥物,賽內賽外禁用,本類含（1）同化性代謝雄性荷爾蒙（如外源性及內生性）、（2）其他同化性物質（如CLENBUTEROL及選擇性雄激素受體調節劑）。,,,,
FORMEBOLONE,S1,同化性藥物,賽內賽外禁用,本類含（1）同化性代謝雄性荷爾蒙（如外源性及內生性）、（2）其他同化性物質（如CLENBUTEROL及選擇性雄激素受體調節劑）。,,,,
"FURAZABOL (17Α-METHYL [1,2,5]OXADIAZOLO[3',4':2,3]-5ΑANDROSTAN-17Β-OL)",S1,同化性藥物,賽內賽外禁用,本類含（1）同化性代謝雄性荷爾蒙（如外源性及內生性）、（2）其他同化性物質（如CLENBUTEROL及選擇性雄激素受體調節劑）。,,,,
GESTRINONE,S1,同化性藥物,賽內賽外禁用,本類含（1）同化性代謝雄性荷爾蒙（如外源性及內生性）、（2）其他同化性物質（如CLENBUTEROL及選擇性雄激素受體調節劑）。,,,,
LGD-4033,S1,同化性藥物,賽內賽外禁用,本類含（1）同化性代謝雄性荷爾蒙（如外源性及內生性）、（2）其他同化性物質（如CLENBUTEROL及選擇性雄激素受體調節劑）。,,,,
MESTANOLONE,S1,同化性藥物,賽內賽外禁用,本類含（1）同化性代謝雄性荷爾蒙（如外源性及內生性）、（2）其他同化性物質（如CLENBUTEROL及選擇性雄激素受體調節劑）。,,,,
MESTEROLONE,S1,同化性藥物,賽內賽外禁用,本類含（1）同化性代謝雄性荷爾蒙（如外源性及內生性）、（2）其他同化性物質（如CLENBUTEROL及選擇性雄激素受體調節劑）。,,,,
"METANDIENONE (17Β-HYDROXY-17Α-METHYLANDROSTA-1,4-DIEN-3-ONE)",S1,同化性藥物,賽內賽外禁用,本類含（1）同化性代謝雄性荷爾蒙（如外源性及內生性）、（2）其他同化性物質（如CLENBUTEROL及選擇性雄激素受體調節劑）。,,,,
METENOLONE,S1,同化性藥物,賽內賽外禁用,本類含（1）同化性代謝雄性荷爾蒙（如外源性及內生性）、（2）其他同化性物質（如CLENBUTEROL及選擇性雄激素受體調節劑）。,,,,
METHANDRIOL,S1,同化性藥物,賽內賽外禁用,本類含（1）同化性代謝雄性荷爾蒙（如外源性及內生性）、（2）其他同化性物質（如CLENBUTEROL及選擇性雄激素受體調節劑）。,,,,
METHANDROSTENOLONE,S1,同化性藥物,賽內賽外禁用,本類含（1）同化性代謝雄性荷爾蒙（如外源性及內生性）、（2）其他同化性物質（如CLENBUTEROL及選擇性雄激素受體調節劑）。,,,,
"METHASTERONE (17Β-HYDROXY-2Α,17Α-DIMETHYL-5ΑANDROSTAN-3-ONE)",S1,同化性藥物,賽內賽外禁用,本類含（1）同化性代謝雄性荷爾蒙（如外源性及內生性）、（2）其他同化性物質（如CLENBUTEROL及選擇性雄激素受體調節劑）。,,,,
METHYL-1-TESTOSTERONE (17Β-HYDROXY-17Α-METHYL-5ΑANDROST-1-EN-3-ONE),S1,同化性藥物,賽內賽外禁用,本類含（1）同化性代謝雄性荷爾蒙（如外源性及內生性）、（2）其他同化性物質（如CLENBUTEROL及選擇性雄激素受體調節劑）。,,,,
"METHYLDIENOLONE (17Β-HYDROXY-17Α-METHYLESTRA-4,9-DIEN-3-ONE)",S1,同化性藥物,賽內賽外禁用,本類含（1）同化性代謝雄性荷爾蒙（如外源性及內生性）、（2）其他同化性物質（如CLENBUTEROL及選擇性雄激素受體調節劑）。,,,,
METHYLNORTESTOSTERONE (17Β-HYDROXY-17Α-METHYLESTR-4-EN-3-ONE),S1,同化性藥物,賽內賽外禁用,本類含（1）同化性代謝雄性荷爾蒙（如外源性及內生性）、（2）其他同化性物質（如CLENBUTEROL及選擇性雄激素受體調節劑）。,,,,
METHYLTESTOSTERONE,S1,同化性藥物,賽內賽外禁用,本類含（1）同化性代謝雄性荷爾蒙（如外源性及內生性）、（2）其他同化性物質（如CLENBUTEROL及選擇性雄激素受體調節劑）。,,,,
"METRIBOLONE (METHYLTRIENOLONE, 17Β-HYDROXY-17ΑMETHYLESTRA-4,9,11-TRIEN-3-ONE)",S1,同化性藥物,賽內賽外禁用,本類含（1）同化性代謝雄性荷爾蒙（如外源性及內生性）、（2）其他同化性物質（如CLENBUTEROL及選擇性雄激素受體調節劑）。,,,,
MIBOLERONE,S1,同化性藥物,賽內賽外禁用,本類含（1）同化性代謝雄性荷爾蒙（如外源性及內生性）、（2）其他同化性物質（如CLENBUTEROL及選擇性雄激素受體調節劑）。,,,,
NANDROLONE,S1,同化性藥物,賽內賽外禁用,本類含（1）同化性代謝雄性荷爾蒙（如外源性及內生性）、（2）其他同化性物質（如CLENBUTEROL及選擇性雄激素受體調節劑）。,,,,
NORBOLETONE,S1,同化性藥物,賽內賽外禁用,本類含（1）同化性代謝雄性荷爾蒙（如外源性及內生性）、（2）其他同化性物質（如CLENBUTEROL及選擇性雄激素受體調節劑）。,,,,
NORCLOSTEBOL,S1,同化性藥物,賽內賽外禁用,本類含（1）同化性代謝雄性荷爾蒙（如外源性及內生性）、（2）其他同化性物質（如CLENBUTEROL及選擇性雄激素受體調節劑）。,,,,
NORETHANDROLONE,S1,同化性藥物,賽內賽外禁用,本類含（1）同化性代謝雄性荷爾蒙（如外源性及內生性）、（2）其他同化性物質（如CLENBUTEROL及選擇性雄激素受體調節劑）。,,,,
OSTARINE,S1,同化性藥物,賽內賽外禁用,本類含（1）同化性代謝雄性荷爾蒙（如外源性及內生性）、（2）其他同化性物質（如CLENBUTEROL及選擇性雄激素受體調節劑）。,,,,
OXABOLONE,S1,同化性藥物,賽內賽外禁用,本類含（1）同化性代謝雄性荷爾蒙（如外源性及內生性）、（2）其他同化性物質（如CLENBUTEROL及選擇性雄激素受體調節劑）。,,,,
OXANDROLONE,S1,同化性藥物,賽內賽外禁用,本類含（1）同化性代謝雄性荷爾蒙（如外源性及內生性）、（2）其他同化性物質（如CLENBUTEROL及選擇性雄激素受體調節劑）。,,,,
OXYMESTERONE,S1,同化性藥物,賽內賽外禁用,本類含（1）同化性代謝雄性荷爾蒙（如外源性及內生性）、（2）其他同化性物質（如CLENBUTEROL及選擇性雄激素受體調節劑）。,,,,
OXYMETHOLONE,S1,同化性藥物,賽內賽外禁用,本類含（1）同化性代謝雄性荷爾蒙（如外源性及內生性）、（2）其他同化性物質（如CLENBUTEROL及選擇性雄激素受體調節劑）。,,,,
"PRASTERONE (DEHYDROEPIANDROSTERONE, DHEA, 3Β-HYDROXYANDROST-5-EN-17-ONE)",S1,同化性藥物,賽內賽外禁用,本類含（1）同化性代謝雄性荷爾蒙（如外源性及內生性）、（2）其他同化性物質（如CLENBUTEROL及選擇性雄激素受體調節劑）。,,,,
"PROSTANOZOL (17Β-[(TETRAHYDROPYRAN-2-YL)OXY]-1'HPYRAZOLO[3,4:2,3]-5Α-ANDROSTANE)",S1,同化性藥物,賽內賽外禁用,本類含（1）同化性代謝雄性荷爾蒙（如外源性及內生性）、（2）其他同化性物質（如CLENBUTEROL及選擇性雄激素受體調節劑）。,,,,
QUINBOLONE,S1,同化性藥物,賽內賽外禁用,本類含（1）同化性代謝雄性荷爾蒙（如外源性及內生性）、（2）其他同化性物質（如CLENBUTEROL及選擇性雄激素受體調節劑）。,,,,
RAD140,S1,同化性藥物,賽內賽外禁用,本類含（1）同化性代謝雄性荷爾蒙（如外源性及內生性）、（2）其他同化性物質（如CLENBUTEROL及選擇性雄激素受體調節劑）。,,,,
STANOZOLOL,S1,同化性藥物,賽內賽外禁用,本類含（1）同化性代謝雄性荷爾蒙（如外源性及內生性）、（2）其他同化性物質（如CLENBUTEROL及選擇性雄激素受體調節劑）。,,,,
STENBOLONE,S1,同化性藥物,賽內賽外禁用,本類含（1）同化性代謝雄性荷爾蒙（如外源性及內生性）、（2）其他同化性物質（如CLENBUTEROL及選擇性雄激素受體調節劑）。,,,,
TESTOSTERONE,S1,同化性藥物,賽內賽外禁用,本類含（1）同化性代謝雄性荷爾蒙（如外源性及內生性）、（2）其他同化性物質（如CLENBUTEROL及選擇性雄激素受體調節劑）。,,,,
"TETRAHYDROGESTRINONE (17-HYDROXY-18A-HOMO-19-NOR-17Α-PREGNA-4,9,11-TRIEN-3-ONE)",S1,同化性藥物,賽內賽外禁用,本類含（1）同化性代謝雄性荷爾蒙（如外源性及內生性）、（2）其他同化性物質（如CLENBUTEROL及選擇性雄激素受體調節劑）。,,,,
TIBOLONE,S1,同化性藥物,賽內賽外禁用,本類含（1）同化性代謝雄性荷爾蒙（如外源性及內生性）、（2）其他同化性物質（如CLENBUTEROL及選擇性雄激素受體調節劑）。,,,,
"TRENBOLONE (17Β-HYDROXYESTR-4,9,11-TRIEN-3-ONE)",S1,同化性藥物,賽內賽外禁用,本類含（1）同化性代謝雄性荷爾蒙（如外源性及內生性）、（2）其他同化性物質（如CLENBUTEROL及選擇性雄激素受體調節劑）。,,,,
ZERANOL,S1,同化性藥物,賽內賽外禁用,本類含（1）同化性代謝雄性荷爾蒙（如外源性及內生性）、（2）其他同化性物質（如CLENBUTEROL及選擇性雄激素受體調節劑）。,,,,
ZILPATEROL,S1,同化性藥物,賽內賽外禁用,本類含（1）同化性代謝雄性荷爾蒙（如外源性及內生性）、（2）其他同化性物質（如CLENBUTEROL及選擇性雄激素受體調節劑）。,,,,
ALEXAMORELIN,S2,胜_荷爾蒙、生長因子、相關物質及類似物,賽內賽外禁用,本類含（1）紅血球生成劑及其他影響紅血球生成之藥物、（2）胜_與荷爾蒙調節劑、（3）生長激素及生長激素調節劑。,,,,
ANAMORELIN,S2,胜_荷爾蒙、生長因子、相關物質及類似物,賽內賽外禁用,本類含（1）紅血球生成劑及其他影響紅血球生成之藥物、（2）胜_與荷爾蒙調節劑、（3）生長激素及生長激素調節劑。,,,,
ANCESTIM,S2,胜_荷爾蒙、生長因子、相關物質及類似物,賽內賽外禁用,本類含（1）紅血球生成劑及其他影響紅血球生成之藥物、（2）胜_與荷爾蒙調節劑、（3）生長激素及生長激素調節劑。,,,,
AOD-9604,S2,胜_荷爾蒙、生長因子、相關物質及類似物,賽內賽外禁用,本類含（1）紅血球生成劑及其他影響紅血球生成之藥物、（2）胜_與荷爾蒙調節劑、（3）生長激素及生長激素調節劑。,,,,
ARGON,S2,胜_荷爾蒙、生長因子、相關物質及類似物,賽內賽外禁用,本類含（1）紅血球生成劑及其他影響紅血球生成之藥物、（2）胜_與荷爾蒙調節劑、（3）生長激素及生長激素調節劑。,,,,
ASIALO EPO,S2,胜_荷爾蒙、生長因子、相關物質及類似物,賽內賽外禁用,本類含（1）紅血球生成劑及其他影響紅血球生成之藥物、（2）胜_與荷爾蒙調節劑、（3）生長激素及生長激素調節劑。,,,,
BUSERELIN,S2,胜_荷爾蒙、生長因子、相關物質及類似物,賽內賽外禁用,本類含（1）紅血球生成劑及其他影響紅血球生成之藥物、（2）胜_與荷爾蒙調節劑、（3）生長激素及生長激素調節劑。,,,,
CARBAMYLATED EPO,S2,胜_荷爾蒙、生長因子、相關物質及類似物,賽內賽外禁用,本類含（1）紅血球生成劑及其他影響紅血球生成之藥物、（2）胜_與荷爾蒙調節劑、（3）生長激素及生長激素調節劑。,,,,
CHORIONIC GONADOTROPIN,S2,胜_荷爾蒙、生長因子、相關物質及類似物,賽內賽外禁用,本類含（1）紅血球生成劑及其他影響紅血球生成之藥物、（2）胜_與荷爾蒙調節劑、（3）生長激素及生長激素調節劑。,,,,
CJC-1293,S2,胜_荷爾蒙、生長因子、相關物質及類似物,賽內賽外禁用,本類含（1）紅血球生成劑及其他影響紅血球生成之藥物、（2）胜_與荷爾蒙調節劑、（3）生長激素及生長激素調節劑。,,,,
CNTO-530,S2,胜_荷爾蒙、生長因子、相關物質及類似物,賽內賽外禁用,本類含（1）紅血球生成劑及其他影響紅血球生成之藥物、（2）胜_與荷爾蒙調節劑、（3）生長激素及生長激素調節劑。,,,,
CORTICORELIN,S2,胜_荷爾蒙、生長因子、相關物質及類似物,賽內賽外禁用,本類含（1）紅血球生成劑及其他影響紅血球生成之藥物、（2）胜_與荷爾蒙調節劑、（3）生長激素及生長激素調節劑。,,,,
DARBEPOETIN ALFA,S2,胜_荷爾蒙、生長因子、相關物質及類似物,賽內賽外禁用,本類含（1）紅血球生成劑及其他影響紅血球生成之藥物、（2）胜_與荷爾蒙調節劑、（3）生長激素及生長激素調節劑。,,,,
DESLORELIN,S2,胜_荷爾蒙、生長因子、相關物質及類似物,賽內賽外禁用,本類含（1）紅血球生成劑及其他影響紅血球生成之藥物、（2）胜_與荷爾蒙調節劑、（3）生長激素及生長激素調節劑。,,,,
EPOETIN ALFA,S2,胜_荷爾蒙、生長因子、相關物質及類似物,賽內賽外禁用,本類含（1）紅血球生成劑及其他影響紅血球生成之藥物、（2）胜_與荷爾蒙調節劑、（3）生長激素及生長激素調節劑。,,,,
EPOETIN BETA,S2,胜_荷爾蒙、生長因子、相關物質及類似物,賽內賽外禁用,本類含（1）紅血球生成劑及其他影響紅血球生成之藥物、（2）胜_與荷爾蒙調節劑、（3）生長激素及生長激素調節劑。,,,,
EPOETIN THETA,S2,胜_荷爾蒙、生長因子、相關物質及類似物,賽內賽外禁用,本類含（1）紅血球生成劑及其他影響紅血球生成之藥物、（2）胜_與荷爾蒙調節劑、（3）生長激素及生長激素調節劑。,,,,
EPOETIN ZETA,S2,胜_荷爾蒙、生長因子、相關物質及類似物,賽內賽外禁用,本類含（1）紅血球生成劑及其他影響紅血球生成之藥物、（2）胜_與荷爾蒙調節劑、（3）生長激素及生長激素調節劑。,,,,
ERYTHROPOIETIN,S2,胜_荷爾蒙、生長因子、相關物質及類似物,賽內賽外禁用,本類含（1）紅血球生成劑及其他影響紅血球生成之藥物、（2）胜_與荷爾蒙調節劑、（3）生長激素及生長激素調節劑。,,,,
ERYTHROPOIETIN-FC,S2,胜_荷爾蒙、生長因子、相關物質及類似物,賽內賽外禁用,本類含（1）紅血球生成劑及其他影響紅血球生成之藥物、（2）胜_與荷爾蒙調節劑、（3）生長激素及生長激素調節劑。,,,,
FG-4592,S2,胜_荷爾蒙、生長因子、相關物質及類似物,賽內賽外禁用,本類含（1）紅血球生成劑及其他影響紅血球生成之藥物、（2）胜_與荷爾蒙調節劑、（3）生長激素及生長激素調節劑。,,,,
GHRELIN,S2,胜_荷爾蒙、生長因子、相關物質及類似物,賽內賽外禁用,本類含（1）紅血球生成劑及其他影響紅血球生成之藥物、（2）胜_與荷爾蒙調節劑、（3）生長激素及生長激素調節劑。,,,,
GHRP-1,S2,胜_荷爾蒙、生長因子、相關物質及類似物,賽內賽外禁用,本類含（1）紅血球生成劑及其他影響紅血球生成之藥物、（2）胜_與荷爾蒙調節劑、（3）生長激素及生長激素調節劑。,,,,
GHRP-3,S2,胜_荷爾蒙、生長因子、相關物質及類似物,賽內賽外禁用,本類含（1）紅血球生成劑及其他影響紅血球生成之藥物、（2）胜_與荷爾蒙調節劑、（3）生長激素及生長激素調節劑。,,,,
GHRP-4,S2,胜_荷爾蒙、生長因子、相關物質及類似物,賽內賽外禁用,本類含（1）紅血球生成劑及其他影響紅血球生成之藥物、（2）胜_與荷爾蒙調節劑、（3）生長激素及生長激素調節劑。,,,,
GHRP-5,S2,胜_荷爾蒙、生長因子、相關物質及類似物,賽內賽外禁用,本類含（1）紅血球生成劑及其他影響紅血球生成之藥物、（2）胜_與荷爾蒙調節劑、（3）生長激素及生長激素調節劑。,,,,
GHRP-6,S2,胜_荷爾蒙、生長因子、相關物質及類似物,賽內賽外禁用,本類含（1）紅血球生成劑及其他影響紅血球生成之藥物、（2）胜_與荷爾蒙調節劑、（3）生長激素及生長激素調節劑。,,,,
GONADORELIN,S2,胜_荷爾蒙、生長因子、相關物質及類似物,賽內賽外禁用,本類含（1）紅血球生成劑及其他影響紅血球生成之藥物、（2）胜_與荷爾蒙調節劑、（3）生長激素及生長激素調節劑。,,,,
GONADOTROPIN,S2,胜_荷爾蒙、生長因子、相關物質及類似物,賽內賽外禁用,本類含（1）紅血球生成劑及其他影響紅血球生成之藥物、（2）胜_與荷爾蒙調節劑、（3）生長激素及生長激素調節劑。,,,,
GOSERELIN,S2,胜_荷爾蒙、生長因子、相關物質及類似物,賽內賽外禁用,本類含（1）紅血球生成劑及其他影響紅血球生成之藥物、（2）胜_與荷爾蒙調節劑、（3）生長激素及生長激素調節劑。,,,,
HEXARELIN,S2,胜_荷爾蒙、生長因子、相關物質及類似物,賽內賽外禁用,本類含（1）紅血球生成劑及其他影響紅血球生成之藥物、（2）胜_與荷爾蒙調節劑、（3）生長激素及生長激素調節劑。,,,,
HGH 176-191,S2,胜_荷爾蒙、生長因子、相關物質及類似物,賽內賽外禁用,本類含（1）紅血球生成劑及其他影響紅血球生成之藥物、（2）胜_與荷爾蒙調節劑、（3）生長激素及生長激素調節劑。,,,,
IPAMORELIN,S2,胜_荷爾蒙、生長因子、相關物質及類似物,賽內賽外禁用,本類含（1）紅血球生成劑及其他影響紅血球生成之藥物、（2）胜_與荷爾蒙調節劑、（3）生長激素及生長激素調節劑。,,,,
LEUPRORELIN,S2,胜_荷爾蒙、生長因子、相關物質及類似物,賽內賽外禁用,本類含（1）紅血球生成劑及其他影響紅血球生成之藥物、（2）胜_與荷爾蒙調節劑、（3）生長激素及生長激素調節劑。,,,,
LUTEINIZING HORMONE,S2,胜_荷爾蒙、生長因子、相關物質及類似物,賽內賽外禁用,本類含（1）紅血球生成劑及其他影響紅血球生成之藥物、（2）胜_與荷爾蒙調節劑、（3）生長激素及生長激素調節劑。,,,,
METHOXY POLYETHYLENE GLYCOL-EPOETIN BETA,S2,胜_荷爾蒙、生長因子、相關物質及類似物,賽內賽外禁用,本類含（1）紅血球生成劑及其他影響紅血球生成之藥物、（2）胜_與荷爾蒙調節劑、（3）生長激素及生長激素調節劑。,,,,
NAFARELIN,S2,胜_荷爾蒙、生長因子、相關物質及類似物,賽內賽外禁用,本類含（1）紅血球生成劑及其他影響紅血球生成之藥物、（2）胜_與荷爾蒙調節劑、（3）生長激素及生長激素調節劑。,,,,
PEGINESATIDE,S2,胜_荷爾蒙、生長因子、相關物質及類似物,賽內賽外禁用,本類含（1）紅血球生成劑及其他影響紅血球生成之藥物、（2）胜_與荷爾蒙調節劑、（3）生長激素及生長激素調節劑。,,,,
PRALMORELIN,S2,胜_荷爾蒙、生長因子、相關物質及類似物,賽內賽外禁用,本類含（1）紅血球生成劑及其他影響紅血球生成之藥物、（2）胜_與荷爾蒙調節劑、（3）生長激素及生長激素調節劑。,,,,
SERMORELIN,S2,胜_荷爾蒙、生長因子、相關物質及類似物,賽內賽外禁用,本類含（1）紅血球生成劑及其他影響紅血球生成之藥物、（2）胜_與荷爾蒙調節劑、（3）生長激素及生長激素調節劑。,,,,
SOMATROPIN,S2,胜_荷爾蒙、生長因子、相關物質及類似物,賽內賽外禁用,本類含（1）紅血球生成劑及其他影響紅血球生成之藥物、（2）胜_與荷爾蒙調節劑、（3）生長激素及生長激素調節劑。,,,,
TABIMORELIN,S2,胜_荷爾蒙、生長因子、相關物質及類似物,賽內賽外禁用,本類含（1）紅血球生成劑及其他影響紅血球生成之藥物、（2）胜_與荷爾蒙調節劑、（3）生長激素及生長激素調節劑。,,,,
TB-500,S2,胜_荷爾蒙、生長因子、相關物質及類似物,賽內賽外禁用,本類含（1）紅血球生成劑及其他影響紅血球生成之藥物、（2）胜_與荷爾蒙調節劑、（3）生長激素及生長激素調節劑。,,,,
TESAMORELIN,S2,胜_荷爾蒙、生長因子、相關物質及類似物,賽內賽外禁用,本類含（1）紅血球生成劑及其他影響紅血球生成之藥物、（2）胜_與荷爾蒙調節劑、（3）生長激素及生長激素調節劑。,,,,
THYMOSIN- Β4,S2,胜_荷爾蒙、生長因子、相關物質及類似物,賽內賽外禁用,本類含（1）紅血球生成劑及其他影響紅血球生成之藥物、（2）胜_與荷爾蒙調節劑、（3）生長激素及生長激素調節劑。,,,,
TRIPTORELIN,S2,胜_荷爾蒙、生長因子、相關物質及類似物,賽內賽外禁用,本類含（1）紅血球生成劑及其他影響紅血球生成之藥物、（2）胜_與荷爾蒙調節劑、（3）生長激素及生長激素調節劑。,,,,
XENON,S2,胜_荷爾蒙、生長因子、相關物質及類似物,賽內賽外禁用,本類含（1）紅血球生成劑及其他影響紅血球生成之藥物、（2）胜_與荷爾蒙調節劑、（3）生長激素及生長激素調節劑。,,,,
ARFORMOTEROL,S3,BETA-2致效劑,賽內賽外禁用,本類含所有BETA-2致效劑，包括所有相關光學異構物（如右旋及左旋），除吸入式SALBUTAMOL、FORMOTEROL、SALMETEROL有特殊規定不禁用。,,,,
BAMBUTEROL,S3,BETA-2致效劑,賽內賽外禁用,本類含所有BETA-2致效劑，包括所有相關光學異構物（如右旋及左旋），除吸入式SALBUTAMOL、FORMOTEROL、SALMETEROL有特殊規定不禁用。,,,,
BITOLTEROL,S3,BETA-2致效劑,賽內賽外禁用,本類含所有BETA-2致效劑，包括所有相關光學異構物（如右旋及左旋），除吸入式SALBUTAMOL、FORMOTEROL、SALMETEROL有特殊規定不禁用。,,,,
CLORPRENALINE,S3,BETA-2致效劑,賽內賽外禁用,本類含所有BETA-2致效劑，包括所有相關光學異構物（如右旋及左旋），除吸入式SALBUTAMOL、FORMOTEROL、SALMETEROL有特殊規定不禁用。,,,,
FENOTEROL,S3,BETA-2致效劑,賽內賽外禁用,本類含所有BETA-2致效劑，包括所有相關光學異構物（如右旋及左旋），除吸入式SALBUTAMOL、FORMOTEROL、SALMETEROL有特殊規定不禁用。,,,,
FORMOTEROL,S3,BETA-2致效劑,賽內賽外禁用,本類含所有BETA-2致效劑，包括所有相關光學異構物（如右旋及左旋），除吸入式SALBUTAMOL、FORMOTEROL、SALMETEROL有特殊規定不禁用。,,,,
HEXOPRENALINE,S3,BETA-2致效劑,賽內賽外禁用,本類含所有BETA-2致效劑，包括所有相關光學異構物（如右旋及左旋），除吸入式SALBUTAMOL、FORMOTEROL、SALMETEROL有特殊規定不禁用。,,,,
HIGENAMINE,S3,BETA-2致效劑,賽內賽外禁用,本類含所有BETA-2致效劑，包括所有相關光學異構物（如右旋及左旋），除吸入式SALBUTAMOL、FORMOTEROL、SALMETEROL有特殊規定不禁用。,,,,
INDACATEROL,S3,BETA-2致效劑,賽內賽外禁用,本類含所有BETA-2致效劑，包括所有相關光學異構物（如右旋及左旋），除吸入式SALBUTAMOL、FORMOTEROL、SALMETEROL有特殊規定不禁用。,,,,
ISOETHARINE,S3,BETA-2致效劑,賽內賽外禁用,本類含所有BETA-2致效劑，包括所有相關光學異構物（如右旋及左旋），除吸入式SALBUTAMOL、FORMOTEROL、SALMETEROL有特殊規定不禁用。,,,,
ISOPROTERENOL,S3,BETA-2致效劑,賽內賽外禁用,本類含所有BETA-2致效劑，包括所有相關光學異構物（如右旋及左旋），除吸入式SALBUTAMOL、FORMOTEROL、SALMETEROL有特殊規定不禁用。,,,,
ISOXSUPRINE,S3,BETA-2致效劑,賽內賽外禁用,本類含所有BETA-3致效劑，包括所有相關光學異構物（如右旋及左旋），除吸入式SALBUTAMOL、FORMOTEROL、SALMETEROL有特殊規定不禁用。,,,,
LEVALBUTEROL,S3,BETA-2致效劑,賽內賽外禁用,本類含所有BETA-2致效劑，包括所有相關光學異構物（如右旋及左旋），除吸入式SALBUTAMOL、FORMOTEROL、SALMETEROL有特殊規定不禁用。,,,,
METAPROTERENOL,S3,BETA-2致效劑,賽內賽外禁用,本類含所有BETA-2致效劑，包括所有相關光學異構物（如右旋及左旋），除吸入式SALBUTAMOL、FORMOTEROL、SALMETEROL有特殊規定不禁用。,,,,
METHOXYPHENAMINE,S3,BETA-2致效劑,賽內賽外禁用,本類含所有BETA-2致效劑，包括所有相關光學異構物（如右旋及左旋），除吸入式SALBUTAMOL、FORMOTEROL、SALMETEROL有特殊規定不禁用。,,,,
OLODATEROL,S3,BETA-2致效劑,賽內賽外禁用,本類含所有BETA-2致效劑，包括所有相關光學異構物（如右旋及左旋），除吸入式SALBUTAMOL、FORMOTEROL、SALMETEROL有特殊規定不禁用。,,,,
ORCIPRENALINE,S3,BETA-2致效劑,賽內賽外禁用,本類含所有BETA-2致效劑，包括所有相關光學異構物（如右旋及左旋），除吸入式SALBUTAMOL、FORMOTEROL、SALMETEROL有特殊規定不禁用。,,,,
PIRBUTEROL,S3,BETA-2致效劑,賽內賽外禁用,本類含所有BETA-2致效劑，包括所有相關光學異構物（如右旋及左旋），除吸入式SALBUTAMOL、FORMOTEROL、SALMETEROL有特殊規定不禁用。,,,,
PROCATEROL,S3,BETA-2致效劑,賽內賽外禁用,本類含所有BETA-2致效劑，包括所有相關光學異構物（如右旋及左旋），除吸入式SALBUTAMOL、FORMOTEROL、SALMETEROL有特殊規定不禁用。,,,,
REPROTEROL,S3,BETA-2致效劑,賽內賽外禁用,本類含所有BETA-2致效劑，包括所有相關光學異構物（如右旋及左旋），除吸入式SALBUTAMOL、FORMOTEROL、SALMETEROL有特殊規定不禁用。,,,,
RIMITEROL,S3,BETA-2致效劑,賽內賽外禁用,本類含所有BETA-2致效劑，包括所有相關光學異構物（如右旋及左旋），除吸入式SALBUTAMOL、FORMOTEROL、SALMETEROL有特殊規定不禁用。,,,,
RITODRINE,S3,BETA-2致效劑,賽內賽外禁用,本類含所有BETA-2致效劑，包括所有相關光學異構物（如右旋及左旋），除吸入式SALBUTAMOL、FORMOTEROL、SALMETEROL有特殊規定不禁用。,,,,
SALBUTAMOL,S3,BETA-2致效劑,賽內賽外禁用,本類含所有BETA-2致效劑，包括所有相關光學異構物（如右旋及左旋），除吸入式SALBUTAMOL、FORMOTEROL、SALMETEROL有特殊規定不禁用。,,,,
SALMETEROL,S3,BETA-2致效劑,賽內賽外禁用,本類含所有BETA-2致效劑，包括所有相關光學異構物（如右旋及左旋），除吸入式SALBUTAMOL、FORMOTEROL、SALMETEROL有特殊規定不禁用。,,,,
TERBUTALINE,S3,BETA-2致效劑,賽內賽外禁用,本類含所有BETA-2致效劑，包括所有相關光學異構物（如右旋及左旋），除吸入式SALBUTAMOL、FORMOTEROL、SALMETEROL有特殊規定不禁用。,,,,
TRIMETOQUINOL,S3,BETA-2致效劑,賽內賽外禁用,本類含所有BETA-2致效劑，包括所有相關光學異構物（如右旋及左旋），除吸入式SALBUTAMOL、FORMOTEROL、SALMETEROL有特殊規定不禁用。,,,,
TULOBUTEROL,S3,BETA-2致效劑,賽內賽外禁用,本類含所有BETA-2致效劑，包括所有相關光學異構物（如右旋及左旋），除吸入式SALBUTAMOL、FORMOTEROL、SALMETEROL有特殊規定不禁用。,,,,
VILANTEROL,S3,BETA-2致效劑,賽內賽外禁用,本類含所有BETA-2致效劑，包括所有相關光學異構物（如右旋及左旋），除吸入式SALBUTAMOL、FORMOTEROL、SALMETEROL有特殊規定不禁用。,,,,
AMINOGLUTETHIMIDE,S4,荷爾蒙及代謝調節劑,賽內賽外禁用,本類含（1）芳香環轉化_抑制劑、（2）選擇性雌激性素受體調節劑、（3）其他抗雌激素物質、（4）改變肌肉生長抑制素機能、（5）代謝調節劑。,,,,
ANASTROZOLE,S4,荷爾蒙及代謝調節劑,賽內賽外禁用,本類含（1）芳香環轉化_抑制劑、（2）選擇性雌激性素受體調節劑、（3）其他抗雌激素物質、（4）改變肌肉生長抑制素機能、（5）代謝調節劑。,,,,
ANDROSTATRIENEDIONE,S4,荷爾蒙及代謝調節劑,賽內賽外禁用,本類含（1）芳香環轉化_抑制劑、（2）選擇性雌激性素受體調節劑、（3）其他抗雌激素物質、（4）改變肌肉生長抑制素機能、（5）代謝調節劑。,,,,
BAZEDOXIFENE,S4,荷爾蒙及代謝調節劑,賽內賽外禁用,本類含（1）芳香環轉化_抑制劑、（2）選擇性雌激性素受體調節劑、（3）其他抗雌激素物質、（4）改變肌肉生長抑制素機能、（5）代謝調節劑。,,,,
CLOMIPHENE (CLOMIFENE),S4,荷爾蒙及代謝調節劑,賽內賽外禁用,本類含（1）芳香環轉化_抑制劑、（2）選擇性雌激性素受體調節劑、（3）其他抗雌激素物質、（4）改變肌肉生長抑制素機能、（5）代謝調節劑。,,,,
CYCLOFENIL,S4,荷爾蒙及代謝調節劑,賽內賽外禁用,本類含（1）芳香環轉化_抑制劑、（2）選擇性雌激性素受體調節劑、（3）其他抗雌激素物質、（4）改變肌肉生長抑制素機能、（5）代謝調節劑。,,,,
DROLOXIFENE,S4,荷爾蒙及代謝調節劑,賽內賽外禁用,本類含（1）芳香環轉化_抑制劑、（2）選擇性雌激性素受體調節劑、（3）其他抗雌激素物質、（4）改變肌肉生長抑制素機能、（5）代謝調節劑。,,,,
EXEMESTANE,S4,荷爾蒙及代謝調節劑,賽內賽外禁用,本類含（1）芳香環轉化_抑制劑、（2）選擇性雌激性素受體調節劑、（3）其他抗雌激素物質、（4）改變肌肉生長抑制素機能、（5）代謝調節劑。,,,,
FORMESTANE,S4,荷爾蒙及代謝調節劑,賽內賽外禁用,本類含（1）芳香環轉化_抑制劑、（2）選擇性雌激性素受體調節劑、（3）其他抗雌激素物質、（4）改變肌肉生長抑制素機能、（5）代謝調節劑。,,,,
FULVESTRANT ,S4,荷爾蒙及代謝調節劑,賽內賽外禁用,本類含（1）芳香環轉化_抑制劑、（2）選擇性雌激性素受體調節劑、（3）其他抗雌激素物質、（4）改變肌肉生長抑制素機能、（5）代謝調節劑。,,,,
"GW1516  (GW501516, 2-(2-METHYL-4-((4-METHYL-2-(4-(TRIFLUOROMETHYL)PHENYL)THIAZOL-5-YL)METHYLTHIO)PHENOXY) ACETIC ACID)",S4,荷爾蒙及代謝調節劑,賽內賽外禁用,本類含（1）芳香環轉化_抑制劑、（2）選擇性雌激性素受體調節劑、（3）其他抗雌激素物質、（4）改變肌肉生長抑制素機能、（5）代謝調節劑。,,,,
INSULIN ,S4,荷爾蒙及代謝調節劑,賽內賽外禁用,本類含（1）芳香環轉化_抑制劑、（2）選擇性雌激性素受體調節劑、（3）其他抗雌激素物質、（4）改變肌肉生長抑制素機能、（5）代謝調節劑。,,,,
LETROZOLE,S4,荷爾蒙及代謝調節劑,賽內賽外禁用,本類含（1）芳香環轉化_抑制劑、（2）選擇性雌激性素受體調節劑、（3）其他抗雌激素物質、（4）改變肌肉生長抑制素機能、（5）代謝調節劑。,,,,
LEVORMELOXIFENE,S4,荷爾蒙及代謝調節劑,賽內賽外禁用,本類含（1）芳香環轉化_抑制劑、（2）選擇性雌激性素受體調節劑、（3）其他抗雌激素物質、（4）改變肌肉生長抑制素機能、（5）代謝調節劑。,,,,
MELDONIUM,S4,荷爾蒙及代謝調節劑,賽內賽外禁用,本類含（1）芳香環轉化_抑制劑、（2）選擇性雌激性素受體調節劑、（3）其他抗雌激素物質、（4）改變肌肉生長抑制素機能、（5）代謝調節劑。,,,,
MYOSTATIN INHIBITORS,S4,荷爾蒙及代謝調節劑,賽內賽外禁用,本類含（1）芳香環轉化_抑制劑、（2）選擇性雌激性素受體調節劑、（3）其他抗雌激素物質、（4）改變肌肉生長抑制素機能、（5）代謝調節劑。,,,,
OSPEMIFENE,S4,荷爾蒙及代謝調節劑,賽內賽外禁用,本類含（1）芳香環轉化_抑制劑、（2）選擇性雌激性素受體調節劑、（3）其他抗雌激素物質、（4）改變肌肉生長抑制素機能、（5）代謝調節劑。,,,,
RALOXIFENE,S4,荷爾蒙及代謝調節劑,賽內賽外禁用,本類含（1）芳香環轉化_抑制劑、（2）選擇性雌激性素受體調節劑、（3）其他抗雌激素物質、（4）改變肌肉生長抑制素機能、（5）代謝調節劑。,,,,
SR9009,S4,荷爾蒙及代謝調節劑,賽內賽外禁用,本類含（1）芳香環轉化_抑制劑、（2）選擇性雌激性素受體調節劑、（3）其他抗雌激素物質、（4）改變肌肉生長抑制素機能、（5）代謝調節劑。,,,,
TAMOXIFEN,S4,荷爾蒙及代謝調節劑,賽內賽外禁用,本類含（1）芳香環轉化_抑制劑、（2）選擇性雌激性素受體調節劑、（3）其他抗雌激素物質、（4）改變肌肉生長抑制素機能、（5）代謝調節劑。,,,,
TESTOLACTONE,S4,荷爾蒙及代謝調節劑,賽內賽外禁用,本類含（1）芳香環轉化_抑制劑、（2）選擇性雌激性素受體調節劑、（3）其他抗雌激素物質、（4）改變肌肉生長抑制素機能、（5）代謝調節劑。,,,,
TOREMIFENE ,S4,荷爾蒙及代謝調節劑,賽內賽外禁用,本類含（1）芳香環轉化_抑制劑、（2）選擇性雌激性素受體調節劑、（3）其他抗雌激素物質、（4）改變肌肉生長抑制素機能、（5）代謝調節劑。,,,,
TRIMETAZIDINE,S4,荷爾蒙及代謝調節劑,賽內賽外禁用,本類含（1）芳香環轉化_抑制劑、（2）選擇性雌激性素受體調節劑、（3）其他抗雌激素物質、（4）改變肌肉生長抑制素機能、（5）代謝調節劑。,,,,
VOROZOLE,S4,荷爾蒙及代謝調節劑,賽內賽外禁用,本類含（1）芳香環轉化_抑制劑、（2）選擇性雌激性素受體調節劑、（3）其他抗雌激素物質、（4）改變肌肉生長抑制素機能、（5）代謝調節劑。,,,,
ACETAZOLAMIDE,S5,利尿劑及干擾劑,賽內賽外禁用,本類含利尿劑、干擾劑及其他具有類似化學結構或相似生物作用之物質，除眼科及牙科用途不禁用。,,,,
ALBUMIN,S5,利尿劑及干擾劑,賽內賽外禁用,本類含利尿劑、干擾劑及其他具有類似化學結構或相似生物作用之物質，除眼科及牙科用途不禁用。,,,,
AMILORIDE,S5,利尿劑及干擾劑,賽內賽外禁用,本類含利尿劑、干擾劑及其他具有類似化學結構或相似生物作用之物質，除眼科及牙科用途不禁用。,,,,
BENDROFLUMETHIAZIDE,S5,利尿劑及干擾劑,賽內賽外禁用,本類含利尿劑、干擾劑及其他具有類似化學結構或相似生物作用之物質，除眼科及牙科用途不禁用。,,,,
BENZYLHYDROCHLOROTHIAZIDE,S5,利尿劑及干擾劑,賽內賽外禁用,本類含利尿劑、干擾劑及其他具有類似化學結構或相似生物作用之物質，除眼科及牙科用途不禁用。,,,,
BRINZOLAMIDE,S5,利尿劑及干擾劑,賽內賽外禁用,本類含利尿劑、干擾劑及其他具有類似化學結構或相似生物作用之物質，除眼科及牙科用途不禁用。,,,,
BUMETANIDE,S5,利尿劑及干擾劑,賽內賽外禁用,本類含利尿劑、干擾劑及其他具有類似化學結構或相似生物作用之物質，除眼科及牙科用途不禁用。,,,,
CANRENONE,S5,利尿劑及干擾劑,賽內賽外禁用,本類含利尿劑、干擾劑及其他具有類似化學結構或相似生物作用之物質，除眼科及牙科用途不禁用。,,,,
CHLOROTHIAZIDE,S5,利尿劑及干擾劑,賽內賽外禁用,本類含利尿劑、干擾劑及其他具有類似化學結構或相似生物作用之物質，除眼科及牙科用途不禁用。,,,,
CHLORTALIDONE,S5,利尿劑及干擾劑,賽內賽外禁用,本類含利尿劑、干擾劑及其他具有類似化學結構或相似生物作用之物質，除眼科及牙科用途不禁用。,,,,
CHLORTHALIDONE,S5,利尿劑及干擾劑,賽內賽外禁用,本類含利尿劑、干擾劑及其他具有類似化學結構或相似生物作用之物質，除眼科及牙科用途不禁用。,,,,
DESMOPRESSIN,S5,利尿劑及干擾劑,賽內賽外禁用,本類含利尿劑、干擾劑及其他具有類似化學結構或相似生物作用之物質，除眼科及牙科用途不禁用。,,,,
DEXTRAN,S5,利尿劑及干擾劑,賽內賽外禁用,本類含利尿劑、干擾劑及其他具有類似化學結構或相似生物作用之物質，除眼科及牙科用途不禁用。,,,,
DEXTROSE,S5,利尿劑及干擾劑,賽內賽外禁用,本類含利尿劑、干擾劑及其他具有類似化學結構或相似生物作用之物質，除眼科及牙科用途不禁用。,,,,
DORZOLAMIDE,S5,利尿劑及干擾劑,賽內賽外禁用,本類含利尿劑、干擾劑及其他具有類似化學結構或相似生物作用之物質，除眼科及牙科用途不禁用。,,,,
ETHACRYNIC ACID,S5,利尿劑及干擾劑,賽內賽外禁用,本類含利尿劑、干擾劑及其他具有類似化學結構或相似生物作用之物質，除眼科及牙科用途不禁用。,,,,
FUROSEMIDE,S5,利尿劑及干擾劑,賽內賽外禁用,本類含利尿劑、干擾劑及其他具有類似化學結構或相似生物作用之物質，除眼科及牙科用途不禁用。,,,,
HYDROCHLOROTHIAZIDE,S5,利尿劑及干擾劑,賽內賽外禁用,本類含利尿劑、干擾劑及其他具有類似化學結構或相似生物作用之物質，除眼科及牙科用途不禁用。,,,,
HYDROXYETHYL STARCH,S5,利尿劑及干擾劑,賽內賽外禁用,本類含利尿劑、干擾劑及其他具有類似化學結構或相似生物作用之物質，除眼科及牙科用途不禁用。,,,,
INDAPAMIDE,S5,利尿劑及干擾劑,賽內賽外禁用,本類含利尿劑、干擾劑及其他具有類似化學結構或相似生物作用之物質，除眼科及牙科用途不禁用。,,,,
MANNITOL,S5,利尿劑及干擾劑,賽內賽外禁用,本類含利尿劑、干擾劑及其他具有類似化學結構或相似生物作用之物質，除眼科及牙科用途不禁用。,,,,
METOLAZONE,S5,利尿劑及干擾劑,賽內賽外禁用,本類含利尿劑、干擾劑及其他具有類似化學結構或相似生物作用之物質，除眼科及牙科用途不禁用。,,,,
PROBENECID,S5,利尿劑及干擾劑,賽內賽外禁用,本類含利尿劑、干擾劑及其他具有類似化學結構或相似生物作用之物質，除眼科及牙科用途不禁用。,,,,
SPIRONOLACTONE,S5,利尿劑及干擾劑,賽內賽外禁用,本類含利尿劑、干擾劑及其他具有類似化學結構或相似生物作用之物質，除眼科及牙科用途不禁用。,,,,
TOLVAPTAN,S5,利尿劑及干擾劑,賽內賽外禁用,本類含利尿劑、干擾劑及其他具有類似化學結構或相似生物作用之物質，除眼科及牙科用途不禁用。,,,,
TRIAMTERENE,S5,利尿劑及干擾劑,賽內賽外禁用,本類含利尿劑、干擾劑及其他具有類似化學結構或相似生物作用之物質，除眼科及牙科用途不禁用。,,,,
TRICHLORMETHIAZIDE,S5,利尿劑及干擾劑,賽內賽外禁用,本類含利尿劑、干擾劑及其他具有類似化學結構或相似生物作用之物質，除眼科及牙科用途不禁用。,,,,
"1,3-DIMETHYLBUTYLAMINE",S6,興奮劑,賽內禁用,本類含所有興奮劑，包括所有相關光學異構體（如右旋及左旋），且分為非特定及特定興奮劑，CLONIDINE、局部使用/眼用之IMIDAZOLE衍生物及監視計畫中所列興奮劑不禁用。,,,,
4-METHYLHEXAN-2-AMINE (METHYLHEXANEAMINE),S6,興奮劑,賽內禁用,本類含所有興奮劑，包括所有相關光學異構體（如右旋及左旋），且分為非特定及特定興奮劑，CLONIDINE、局部使用/眼用之IMIDAZOLE衍生物及監視計畫中所列興奮劑不禁用。,,,,
ADRAFINIL,S6,興奮劑,賽內禁用,本類含所有興奮劑，包括所有相關光學異構體（如右旋及左旋），且分為非特定及特定興奮劑，CLONIDINE、局部使用/眼用之IMIDAZOLE衍生物及監視計畫中所列興奮劑不禁用。,,,,
AMFEPRAMONE,S6,興奮劑,賽內禁用,本類含所有興奮劑，包括所有相關光學異構體（如右旋及左旋），且分為非特定及特定興奮劑，CLONIDINE、局部使用/眼用之IMIDAZOLE衍生物及監視計畫中所列興奮劑不禁用。,,,,
AMFETAMINE,S6,興奮劑,賽內禁用,本類含所有興奮劑，包括所有相關光學異構體（如右旋及左旋），且分為非特定及特定興奮劑，CLONIDINE、局部使用/眼用之IMIDAZOLE衍生物及監視計畫中所列興奮劑不禁用。,,,,
AMFETAMINIL,S6,興奮劑,賽內禁用,本類含所有興奮劑，包括所有相關光學異構體（如右旋及左旋），且分為非特定及特定興奮劑，CLONIDINE、局部使用/眼用之IMIDAZOLE衍生物及監視計畫中所列興奮劑不禁用。,,,,
AMIPHENAZOLE,S6,興奮劑,賽內禁用,本類含所有興奮劑，包括所有相關光學異構體（如右旋及左旋），且分為非特定及特定興奮劑，CLONIDINE、局部使用/眼用之IMIDAZOLE衍生物及監視計畫中所列興奮劑不禁用。,,,,
BENFLUOREX,S6,興奮劑,賽內禁用,本類含所有興奮劑，包括所有相關光學異構體（如右旋及左旋），且分為非特定及特定興奮劑，CLONIDINE、局部使用/眼用之IMIDAZOLE衍生物及監視計畫中所列興奮劑不禁用。,,,,
BENZFETAMINE,S6,興奮劑,賽內禁用,本類含所有興奮劑，包括所有相關光學異構體（如右旋及左旋），且分為非特定及特定興奮劑，CLONIDINE、局部使用/眼用之IMIDAZOLE衍生物及監視計畫中所列興奮劑不禁用。,,,,
BENZYLPIPERAZINE,S6,興奮劑,賽內禁用,本類含所有興奮劑，包括所有相關光學異構體（如右旋及左旋），且分為非特定及特定興奮劑，CLONIDINE、局部使用/眼用之IMIDAZOLE衍生物及監視計畫中所列興奮劑不禁用。,,,,
BROMANTAN,S6,興奮劑,賽內禁用,本類含所有興奮劑，包括所有相關光學異構體（如右旋及左旋），且分為非特定及特定興奮劑，CLONIDINE、局部使用/眼用之IMIDAZOLE衍生物及監視計畫中所列興奮劑不禁用。,,,,
CATHINE (D-NORPSEUDOEPHEDRINE),S6,興奮劑,賽內禁用,本類含所有興奮劑，包括所有相關光學異構體（如右旋及左旋），且分為非特定及特定興奮劑，CLONIDINE、局部使用/眼用之IMIDAZOLE衍生物及監視計畫中所列興奮劑不禁用。,,,,
CLOBENZOREX,S6,興奮劑,賽內禁用,本類含所有興奮劑，包括所有相關光學異構體（如右旋及左旋），且分為非特定及特定興奮劑，CLONIDINE、局部使用/眼用之IMIDAZOLE衍生物及監視計畫中所列興奮劑不禁用。,,,,
COCAINE,S6,興奮劑,賽內禁用,本類含所有興奮劑，包括所有相關光學異構體（如右旋及左旋），且分為非特定及特定興奮劑，CLONIDINE、局部使用/眼用之IMIDAZOLE衍生物及監視計畫中所列興奮劑不禁用。,,,,
CROPROPAMIDE,S6,興奮劑,賽內禁用,本類含所有興奮劑，包括所有相關光學異構體（如右旋及左旋），且分為非特定及特定興奮劑，CLONIDINE、局部使用/眼用之IMIDAZOLE衍生物及監視計畫中所列興奮劑不禁用。,,,,
CROTETAMIDE,S6,興奮劑,賽內禁用,本類含所有興奮劑，包括所有相關光學異構體（如右旋及左旋），且分為非特定及特定興奮劑，CLONIDINE、局部使用/眼用之IMIDAZOLE衍生物及監視計畫中所列興奮劑不禁用。,,,,
DIMETHYLAMPHETAMINE,S6,興奮劑,賽內禁用,本類含所有興奮劑，包括所有相關光學異構體（如右旋及左旋），且分為非特定及特定興奮劑，CLONIDINE、局部使用/眼用之IMIDAZOLE衍生物及監視計畫中所列興奮劑不禁用。,,,,
EPHEDRINE,S6,興奮劑,賽內禁用,本類含所有興奮劑，包括所有相關光學異構體（如右旋及左旋），且分為非特定及特定興奮劑，CLONIDINE、局部使用/眼用之IMIDAZOLE衍生物及監視計畫中所列興奮劑不禁用。,,,,
EPINEPHRINE(ADRENALINE),S6,興奮劑,賽內禁用,本類含所有興奮劑，包括所有相關光學異構體（如右旋及左旋），且分為非特定及特定興奮劑，CLONIDINE、局部使用/眼用之IMIDAZOLE衍生物及監視計畫中所列興奮劑不禁用。,,,,
ETAMIVAN,S6,興奮劑,賽內禁用,本類含所有興奮劑，包括所有相關光學異構體（如右旋及左旋），且分為非特定及特定興奮劑，CLONIDINE、局部使用/眼用之IMIDAZOLE衍生物及監視計畫中所列興奮劑不禁用。,,,,
ETILAMFETAMINE,S6,興奮劑,賽內禁用,本類含所有興奮劑，包括所有相關光學異構體（如右旋及左旋），且分為非特定及特定興奮劑，CLONIDINE、局部使用/眼用之IMIDAZOLE衍生物及監視計畫中所列興奮劑不禁用。,,,,
ETILEFRINE,S6,興奮劑,賽內禁用,本類含所有興奮劑，包括所有相關光學異構體（如右旋及左旋），且分為非特定及特定興奮劑，CLONIDINE、局部使用/眼用之IMIDAZOLE衍生物及監視計畫中所列興奮劑不禁用。,,,,
FAMPROFAZONE,S6,興奮劑,賽內禁用,本類含所有興奮劑，包括所有相關光學異構體（如右旋及左旋），且分為非特定及特定興奮劑，CLONIDINE、局部使用/眼用之IMIDAZOLE衍生物及監視計畫中所列興奮劑不禁用。,,,,
FENBUTRAZATE,S6,興奮劑,賽內禁用,本類含所有興奮劑，包括所有相關光學異構體（如右旋及左旋），且分為非特定及特定興奮劑，CLONIDINE、局部使用/眼用之IMIDAZOLE衍生物及監視計畫中所列興奮劑不禁用。,,,,
FENCAMFAMIN,S6,興奮劑,賽內禁用,本類含所有興奮劑，包括所有相關光學異構體（如右旋及左旋），且分為非特定及特定興奮劑，CLONIDINE、局部使用/眼用之IMIDAZOLE衍生物及監視計畫中所列興奮劑不禁用。,,,,
FENCAMINE,S6,興奮劑,賽內禁用,本類含所有興奮劑，包括所有相關光學異構體（如右旋及左旋），且分為非特定及特定興奮劑，CLONIDINE、局部使用/眼用之IMIDAZOLE衍生物及監視計畫中所列興奮劑不禁用。,,,,
FENETYLLINE,S6,興奮劑,賽內禁用,本類含所有興奮劑，包括所有相關光學異構體（如右旋及左旋），且分為非特定及特定興奮劑，CLONIDINE、局部使用/眼用之IMIDAZOLE衍生物及監視計畫中所列興奮劑不禁用。,,,,
FENFLURAMINE,S6,興奮劑,賽內禁用,本類含所有興奮劑，包括所有相關光學異構體（如右旋及左旋），且分為非特定及特定興奮劑，CLONIDINE、局部使用/眼用之IMIDAZOLE衍生物及監視計畫中所列興奮劑不禁用。,,,,
FENPROPOREX,S6,興奮劑,賽內禁用,本類含所有興奮劑，包括所有相關光學異構體（如右旋及左旋），且分為非特定及特定興奮劑，CLONIDINE、局部使用/眼用之IMIDAZOLE衍生物及監視計畫中所列興奮劑不禁用。,,,,
FONTURACETAM [4-PHENYLPIRACETAM (CARPHEDON)],S6,興奮劑,賽內禁用,本類含所有興奮劑，包括所有相關光學異構體（如右旋及左旋），且分為非特定及特定興奮劑，CLONIDINE、局部使用/眼用之IMIDAZOLE衍生物及監視計畫中所列興奮劑不禁用。,,,,
FURFENOREX,S6,興奮劑,賽內禁用,本類含所有興奮劑，包括所有相關光學異構體（如右旋及左旋），且分為非特定及特定興奮劑，CLONIDINE、局部使用/眼用之IMIDAZOLE衍生物及監視計畫中所列興奮劑不禁用。,,,,
HEPTAMINOL,S6,興奮劑,賽內禁用,本類含所有興奮劑，包括所有相關光學異構體（如右旋及左旋），且分為非特定及特定興奮劑，CLONIDINE、局部使用/眼用之IMIDAZOLE衍生物及監視計畫中所列興奮劑不禁用。,,,,
HYDROXYAMFETAMINE (PARAHYDROXYAMPHETAMINE),S6,興奮劑,賽內禁用,本類含所有興奮劑，包括所有相關光學異構體（如右旋及左旋），且分為非特定及特定興奮劑，CLONIDINE、局部使用/眼用之IMIDAZOLE衍生物及監視計畫中所列興奮劑不禁用。,,,,
ISOMETHEPTENE,S6,興奮劑,賽內禁用,本類含所有興奮劑，包括所有相關光學異構體（如右旋及左旋），且分為非特定及特定興奮劑，CLONIDINE、局部使用/眼用之IMIDAZOLE衍生物及監視計畫中所列興奮劑不禁用。,,,,
LEVMETAMFETAMINE,S6,興奮劑,賽內禁用,本類含所有興奮劑，包括所有相關光學異構體（如右旋及左旋），且分為非特定及特定興奮劑，CLONIDINE、局部使用/眼用之IMIDAZOLE衍生物及監視計畫中所列興奮劑不禁用。,,,,
MECLOFENOXATE,S6,興奮劑,賽內禁用,本類含所有興奮劑，包括所有相關光學異構體（如右旋及左旋），且分為非特定及特定興奮劑，CLONIDINE、局部使用/眼用之IMIDAZOLE衍生物及監視計畫中所列興奮劑不禁用。,,,,
MEFENOREX,S6,興奮劑,賽內禁用,本類含所有興奮劑，包括所有相關光學異構體（如右旋及左旋），且分為非特定及特定興奮劑，CLONIDINE、局部使用/眼用之IMIDAZOLE衍生物及監視計畫中所列興奮劑不禁用。,,,,
MEPHENTERMINE,S6,興奮劑,賽內禁用,本類含所有興奮劑，包括所有相關光學異構體（如右旋及左旋），且分為非特定及特定興奮劑，CLONIDINE、局部使用/眼用之IMIDAZOLE衍生物及監視計畫中所列興奮劑不禁用。,,,,
MESOCARB,S6,興奮劑,賽內禁用,本類含所有興奮劑，包括所有相關光學異構體（如右旋及左旋），且分為非特定及特定興奮劑，CLONIDINE、局部使用/眼用之IMIDAZOLE衍生物及監視計畫中所列興奮劑不禁用。,,,,
METAMFETAMINE(D-),S6,興奮劑,賽內禁用,本類含所有興奮劑，包括所有相關光學異構體（如右旋及左旋），且分為非特定及特定興奮劑，CLONIDINE、局部使用/眼用之IMIDAZOLE衍生物及監視計畫中所列興奮劑不禁用。,,,,
METHYLENEDIOXYMETHAMPHETAMINE,S6,興奮劑,賽內禁用,本類含所有興奮劑，包括所有相關光學異構體（如右旋及左旋），且分為非特定及特定興奮劑，CLONIDINE、局部使用/眼用之IMIDAZOLE衍生物及監視計畫中所列興奮劑不禁用。,,,,
METHYLEPHEDRINE,S6,興奮劑,賽內禁用,本類含所有興奮劑，包括所有相關光學異構體（如右旋及左旋），且分為非特定及特定興奮劑，CLONIDINE、局部使用/眼用之IMIDAZOLE衍生物及監視計畫中所列興奮劑不禁用。,,,,
METHYLPHENIDATE,S6,興奮劑,賽內禁用,本類含所有興奮劑，包括所有相關光學異構體（如右旋及左旋），且分為非特定及特定興奮劑，CLONIDINE、局部使用/眼用之IMIDAZOLE衍生物及監視計畫中所列興奮劑不禁用。,,,,
MODAFINIL,S6,興奮劑,賽內禁用,本類含所有興奮劑，包括所有相關光學異構體（如右旋及左旋），且分為非特定及特定興奮劑，CLONIDINE、局部使用/眼用之IMIDAZOLE衍生物及監視計畫中所列興奮劑不禁用。,,,,
NIKETHAMIDE,S6,興奮劑,賽內禁用,本類含所有興奮劑，包括所有相關光學異構體（如右旋及左旋），且分為非特定及特定興奮劑，CLONIDINE、局部使用/眼用之IMIDAZOLE衍生物及監視計畫中所列興奮劑不禁用。,,,,
NOREPINEPHRINE(NORADRENALINE),S6,興奮劑,賽內禁用,本類含所有興奮劑，包括所有相關光學異構體（如右旋及左旋），且分為非特定及特定興奮劑，CLONIDINE、局部使用/眼用之IMIDAZOLE衍生物及監視計畫中所列興奮劑不禁用。,,,,
NORFENEFRINE,S6,興奮劑,賽內禁用,本類含所有興奮劑，包括所有相關光學異構體（如右旋及左旋），且分為非特定及特定興奮劑，CLONIDINE、局部使用/眼用之IMIDAZOLE衍生物及監視計畫中所列興奮劑不禁用。,,,,
NORFENFLURAMINE,S6,興奮劑,賽內禁用,本類含所有興奮劑，包括所有相關光學異構體（如右旋及左旋），且分為非特定及特定興奮劑，CLONIDINE、局部使用/眼用之IMIDAZOLE衍生物及監視計畫中所列興奮劑不禁用。,,,,
OCTOPAMINE,S6,興奮劑,賽內禁用,本類含所有興奮劑，包括所有相關光學異構體（如右旋及左旋），且分為非特定及特定興奮劑，CLONIDINE、局部使用/眼用之IMIDAZOLE衍生物及監視計畫中所列興奮劑不禁用。,,,,
OXILOFRINE (METHYLSYNEPHRINE),S6,興奮劑,賽內禁用,本類含所有興奮劑，包括所有相關光學異構體（如右旋及左旋），且分為非特定及特定興奮劑，CLONIDINE、局部使用/眼用之IMIDAZOLE衍生物及監視計畫中所列興奮劑不禁用。,,,,
PEMOLINE,S6,興奮劑,賽內禁用,本類含所有興奮劑，包括所有相關光學異構體（如右旋及左旋），且分為非特定及特定興奮劑，CLONIDINE、局部使用/眼用之IMIDAZOLE衍生物及監視計畫中所列興奮劑不禁用。,,,,
PENTETRAZOL,S6,興奮劑,賽內禁用,本類含所有興奮劑，包括所有相關光學異構體（如右旋及左旋），且分為非特定及特定興奮劑，CLONIDINE、局部使用/眼用之IMIDAZOLE衍生物及監視計畫中所列興奮劑不禁用。,,,,
PHENDIMETRAZINE,S6,興奮劑,賽內禁用,本類含所有興奮劑，包括所有相關光學異構體（如右旋及左旋），且分為非特定及特定興奮劑，CLONIDINE、局部使用/眼用之IMIDAZOLE衍生物及監視計畫中所列興奮劑不禁用。,,,,
PHENETHYLAMINE,S6,興奮劑,賽內禁用,本類含所有興奮劑，包括所有相關光學異構體（如右旋及左旋），且分為非特定及特定興奮劑，CLONIDINE、局部使用/眼用之IMIDAZOLE衍生物及監視計畫中所列興奮劑不禁用。,,,,
PHENMETRAZINE,S6,興奮劑,賽內禁用,本類含所有興奮劑，包括所有相關光學異構體（如右旋及左旋），且分為非特定及特定興奮劑，CLONIDINE、局部使用/眼用之IMIDAZOLE衍生物及監視計畫中所列興奮劑不禁用。,,,,
PHENPROMETHAMINE,S6,興奮劑,賽內禁用,本類含所有興奮劑，包括所有相關光學異構體（如右旋及左旋），且分為非特定及特定興奮劑，CLONIDINE、局部使用/眼用之IMIDAZOLE衍生物及監視計畫中所列興奮劑不禁用。,,,,
PHENTERMINE,S6,興奮劑,賽內禁用,本類含所有興奮劑，包括所有相關光學異構體（如右旋及左旋），且分為非特定及特定興奮劑，CLONIDINE、局部使用/眼用之IMIDAZOLE衍生物及監視計畫中所列興奮劑不禁用。,,,,
P-METHYLAMPHETAMINE,S6,興奮劑,賽內禁用,本類含所有興奮劑，包括所有相關光學異構體（如右旋及左旋），且分為非特定及特定興奮劑，CLONIDINE、局部使用/眼用之IMIDAZOLE衍生物及監視計畫中所列興奮劑不禁用。,,,,
PRENYLAMINE,S6,興奮劑,賽內禁用,本類含所有興奮劑，包括所有相關光學異構體（如右旋及左旋），且分為非特定及特定興奮劑，CLONIDINE、局部使用/眼用之IMIDAZOLE衍生物及監視計畫中所列興奮劑不禁用。,,,,
PROLINTANE,S6,興奮劑,賽內禁用,本類含所有興奮劑，包括所有相關光學異構體（如右旋及左旋），且分為非特定及特定興奮劑，CLONIDINE、局部使用/眼用之IMIDAZOLE衍生物及監視計畫中所列興奮劑不禁用。,,,,
PROPYLHEXEDRINE,S6,興奮劑,賽內禁用,本類含所有興奮劑，包括所有相關光學異構體（如右旋及左旋），且分為非特定及特定興奮劑，CLONIDINE、局部使用/眼用之IMIDAZOLE衍生物及監視計畫中所列興奮劑不禁用。,,,,
PSEUDOEPHEDRINE,S6,興奮劑,賽內禁用,本類含所有興奮劑，包括所有相關光學異構體（如右旋及左旋），且分為非特定及特定興奮劑，CLONIDINE、局部使用/眼用之IMIDAZOLE衍生物及監視計畫中所列興奮劑不禁用。,,,,
SELEGILINE,S6,興奮劑,賽內禁用,本類含所有興奮劑，包括所有相關光學異構體（如右旋及左旋），且分為非特定及特定興奮劑，CLONIDINE、局部使用/眼用之IMIDAZOLE衍生物及監視計畫中所列興奮劑不禁用。,,,,
SIBUTRAMINE,S6,興奮劑,賽內禁用,本類含所有興奮劑，包括所有相關光學異構體（如右旋及左旋），且分為非特定及特定興奮劑，CLONIDINE、局部使用/眼用之IMIDAZOLE衍生物及監視計畫中所列興奮劑不禁用。,,,,
STRYCHNINE,S6,興奮劑,賽內禁用,本類含所有興奮劑，包括所有相關光學異構體（如右旋及左旋），且分為非特定及特定興奮劑，CLONIDINE、局部使用/眼用之IMIDAZOLE衍生物及監視計畫中所列興奮劑不禁用。,,,,
TENAMFETAMINE (METHYLENEDIOXYAMPHETAMINE),S6,興奮劑,賽內禁用,本類含所有興奮劑，包括所有相關光學異構體（如右旋及左旋），且分為非特定及特定興奮劑，CLONIDINE、局部使用/眼用之IMIDAZOLE衍生物及監視計畫中所列興奮劑不禁用。,,,,
TUAMINOHEPTANE,S6,興奮劑,賽內禁用,本類含所有興奮劑，包括所有相關光學異構體（如右旋及左旋），且分為非特定及特定興奮劑，CLONIDINE、局部使用/眼用之IMIDAZOLE衍生物及監視計畫中所列興奮劑不禁用。,,,,
BUPRENORPHINE,S7,麻醉性止痛劑,賽內禁用,本類含麻醉性止痛劑，多為嗎啡類似物。,,,,
FENTANYL,S7,麻醉性止痛劑,賽內禁用,本類含麻醉性止痛劑，多為嗎啡類似物。,,,,
HYDROMORPHONE,S7,麻醉性止痛劑,賽內禁用,本類含麻醉性止痛劑，多為嗎啡類似物。,,,,
METHADONE,S7,麻醉性止痛劑,賽內禁用,本類含麻醉性止痛劑，多為嗎啡類似物。,,,,
MORPHINE,S7,麻醉性止痛劑,賽內禁用,本類含麻醉性止痛劑，多為嗎啡類似物。,,,,
OXYCODONE,S7,麻醉性止痛劑,賽內禁用,本類含麻醉性止痛劑，多為嗎啡類似物。,,,,
OXYMORPHONE,S7,麻醉性止痛劑,賽內禁用,本類含麻醉性止痛劑，多為嗎啡類似物。,,,,
PENTAZOCINE,S7,麻醉性止痛劑,賽內禁用,本類含麻醉性止痛劑，多為嗎啡類似物。,,,,
PETHIDINE,S7,麻醉性止痛劑,賽內禁用,本類含麻醉性止痛劑，多為嗎啡類似物。,,,,
CANNABIS,S8,大麻素,賽內禁用,本類含天然及合成之大麻素。,,,,
HASHISH,S8,大麻素,賽內禁用,本類含天然及合成之大麻素。,,,,
HU-210,S8,大麻素,賽內禁用,本類含天然及合成之大麻素。,,,,
JWH-018,S8,大麻素,賽內禁用,本類含天然及合成之大麻素。,,,,
JWH-073,S8,大麻素,賽內禁用,本類含天然及合成之大麻素。,,,,
MARIJUANA,S8,大麻素,賽內禁用,本類含天然及合成之大麻素。,,,,
SPICE,S8,大麻素,賽內禁用,本類含天然及合成之大麻素。,,,,
Δ9-TETRAHYDROCANNABINOL,S8,大麻素,賽內禁用,本類含天然及合成之大麻素。,,,,
ALCLOMETASONE,S9,腎上腺皮質類固醇,賽內禁用,本類含所有腎上腺皮質類固醇，均禁止以口服、靜脈注射、肌肉注射或 經直腸方式使用。,,,,
AMCINONIDE,S9,腎上腺皮質類固醇,賽內禁用,本類含所有腎上腺皮質類固醇，均禁止以口服、靜脈注射、肌肉注射或 經直腸方式使用。,,,,
BECLOMETHASONE,S9,腎上腺皮質類固醇,賽內禁用,本類含所有腎上腺皮質類固醇，均禁止以口服、靜脈注射、肌肉注射或 經直腸方式使用。,,,,
BETAMETHASONE,S9,腎上腺皮質類固醇,賽內禁用,本類含所有腎上腺皮質類固醇，均禁止以口服、靜脈注射、肌肉注射或 經直腸方式使用。,,,,
BUDESONIDE,S9,腎上腺皮質類固醇,賽內禁用,本類含所有腎上腺皮質類固醇，均禁止以口服、靜脈注射、肌肉注射或 經直腸方式使用。,,,,
CICLESONIDE,S9,腎上腺皮質類固醇,賽內禁用,本類含所有腎上腺皮質類固醇，均禁止以口服、靜脈注射、肌肉注射或 經直腸方式使用。,,,,
CLOBETASOL,S9,腎上腺皮質類固醇,賽內禁用,本類含所有腎上腺皮質類固醇，均禁止以口服、靜脈注射、肌肉注射或 經直腸方式使用。,,,,
CLOBETASONE,S9,腎上腺皮質類固醇,賽內禁用,本類含所有腎上腺皮質類固醇，均禁止以口服、靜脈注射、肌肉注射或 經直腸方式使用。,,,,
CORTISONE,S9,腎上腺皮質類固醇,賽內禁用,本類含所有腎上腺皮質類固醇，均禁止以口服、靜脈注射、肌肉注射或 經直腸方式使用。,,,,
DEFLAZACORT,S9,腎上腺皮質類固醇,賽內禁用,本類含所有腎上腺皮質類固醇，均禁止以口服、靜脈注射、肌肉注射或 經直腸方式使用。,,,,
DESONIDE,S9,腎上腺皮質類固醇,賽內禁用,本類含所有腎上腺皮質類固醇，均禁止以口服、靜脈注射、肌肉注射或 經直腸方式使用。,,,,
DESOXIMETASONE,S9,腎上腺皮質類固醇,賽內禁用,本類含所有腎上腺皮質類固醇，均禁止以口服、靜脈注射、肌肉注射或 經直腸方式使用。,,,,
DEXAMETHASONE,S9,腎上腺皮質類固醇,賽內禁用,本類含所有腎上腺皮質類固醇，均禁止以口服、靜脈注射、肌肉注射或 經直腸方式使用。,,,,
DIFLORASONE,S9,腎上腺皮質類固醇,賽內禁用,本類含所有腎上腺皮質類固醇，均禁止以口服、靜脈注射、肌肉注射或 經直腸方式使用。,,,,
DIFLUCORTOLONE,S9,腎上腺皮質類固醇,賽內禁用,本類含所有腎上腺皮質類固醇，均禁止以口服、靜脈注射、肌肉注射或 經直腸方式使用。,,,,
DIFLUPREDNATE,S9,腎上腺皮質類固醇,賽內禁用,本類含所有腎上腺皮質類固醇，均禁止以口服、靜脈注射、肌肉注射或 經直腸方式使用。,,,,
FLUCLORONIDE,S9,腎上腺皮質類固醇,賽內禁用,本類含所有腎上腺皮質類固醇，均禁止以口服、靜脈注射、肌肉注射或 經直腸方式使用。,,,,
FLUDROCORTISONE,S9,腎上腺皮質類固醇,賽內禁用,本類含所有腎上腺皮質類固醇，均禁止以口服、靜脈注射、肌肉注射或 經直腸方式使用。,,,,
FLUMETHASONE,S9,腎上腺皮質類固醇,賽內禁用,本類含所有腎上腺皮質類固醇，均禁止以口服、靜脈注射、肌肉注射或 經直腸方式使用。,,,,
FLUNISOLIDE,S9,腎上腺皮質類固醇,賽內禁用,本類含所有腎上腺皮質類固醇，均禁止以口服、靜脈注射、肌肉注射或 經直腸方式使用。,,,,
FLUOCINOLONE,S9,腎上腺皮質類固醇,賽內禁用,本類含所有腎上腺皮質類固醇，均禁止以口服、靜脈注射、肌肉注射或 經直腸方式使用。,,,,
FLUOCINONIDE,S9,腎上腺皮質類固醇,賽內禁用,本類含所有腎上腺皮質類固醇，均禁止以口服、靜脈注射、肌肉注射或 經直腸方式使用。,,,,
FLUOCORTIN,S9,腎上腺皮質類固醇,賽內禁用,本類含所有腎上腺皮質類固醇，均禁止以口服、靜脈注射、肌肉注射或 經直腸方式使用。,,,,
FLUOCORTOLONE,S9,腎上腺皮質類固醇,賽內禁用,本類含所有腎上腺皮質類固醇，均禁止以口服、靜脈注射、肌肉注射或 經直腸方式使用。,,,,
FLUOROMETHOLONE,S9,腎上腺皮質類固醇,賽內禁用,本類含所有腎上腺皮質類固醇，均禁止以口服、靜脈注射、肌肉注射或 經直腸方式使用。,,,,
FLURANDRENOLIDE,S9,腎上腺皮質類固醇,賽內禁用,本類含所有腎上腺皮質類固醇，均禁止以口服、靜脈注射、肌肉注射或 經直腸方式使用。,,,,
FLUTICASONE,S9,腎上腺皮質類固醇,賽內禁用,本類含所有腎上腺皮質類固醇，均禁止以口服、靜脈注射、肌肉注射或 經直腸方式使用。,,,,
HALCINONIDE,S9,腎上腺皮質類固醇,賽內禁用,本類含所有腎上腺皮質類固醇，均禁止以口服、靜脈注射、肌肉注射或 經直腸方式使用。,,,,
HALOBETASOL,S9,腎上腺皮質類固醇,賽內禁用,本類含所有腎上腺皮質類固醇，均禁止以口服、靜脈注射、肌肉注射或 經直腸方式使用。,,,,
HYDROCORTISONE,S9,腎上腺皮質類固醇,賽內禁用,本類含所有腎上腺皮質類固醇，均禁止以口服、靜脈注射、肌肉注射或 經直腸方式使用。,,,,
LOTEPREDNOL,S9,腎上腺皮質類固醇,賽內禁用,本類含所有腎上腺皮質類固醇，均禁止以口服、靜脈注射、肌肉注射或 經直腸方式使用。,,,,
MEDRYSONE,S9,腎上腺皮質類固醇,賽內禁用,本類含所有腎上腺皮質類固醇，均禁止以口服、靜脈注射、肌肉注射或 經直腸方式使用。,,,,
METHYLPREDISOLONE,S9,腎上腺皮質類固醇,賽內禁用,本類含所有腎上腺皮質類固醇，均禁止以口服、靜脈注射、肌肉注射或 經直腸方式使用。,,,,
METHYLPREDNISOLONE,S9,腎上腺皮質類固醇,賽內禁用,本類含所有腎上腺皮質類固醇，均禁止以口服、靜脈注射、肌肉注射或 經直腸方式使用。,,,,
METHYLPREDNISONE,S9,腎上腺皮質類固醇,賽內禁用,本類含所有腎上腺皮質類固醇，均禁止以口服、靜脈注射、肌肉注射或 經直腸方式使用。,,,,
MOMETASONE,S9,腎上腺皮質類固醇,賽內禁用,本類含所有腎上腺皮質類固醇，均禁止以口服、靜脈注射、肌肉注射或 經直腸方式使用。,,,,
PARAMETHASONE,S9,腎上腺皮質類固醇,賽內禁用,本類含所有腎上腺皮質類固醇，均禁止以口服、靜脈注射、肌肉注射或 經直腸方式使用。,,,,
PREDNICARBATE,S9,腎上腺皮質類固醇,賽內禁用,本類含所有腎上腺皮質類固醇，均禁止以口服、靜脈注射、肌肉注射或 經直腸方式使用。,,,,
PREDNISOLONE,S9,腎上腺皮質類固醇,賽內禁用,本類含所有腎上腺皮質類固醇，均禁止以口服、靜脈注射、肌肉注射或 經直腸方式使用。,,,,
PREDNISONE,S9,腎上腺皮質類固醇,賽內禁用,本類含所有腎上腺皮質類固醇，均禁止以口服、靜脈注射、肌肉注射或 經直腸方式使用。,,,,
RIMEXOLONE,S9,腎上腺皮質類固醇,賽內禁用,本類含所有腎上腺皮質類固醇，均禁止以口服、靜脈注射、肌肉注射或 經直腸方式使用。,,,,
TRIAMCINOLONE,S9,腎上腺皮質類固醇,賽內禁用,本類含所有腎上腺皮質類固醇，均禁止以口服、靜脈注射、肌肉注射或 經直腸方式使用。,,,,
ACEBUTOLOL,P1,BETA阻斷劑,特定運動項目禁用,"本類含BETA阻斷劑，特定運動賽內賽外禁用，如射箭（WA）、射擊（ISSF, IPC）；特定運動賽內禁用，如汽車賽車（FIA）、撞球（WCBC）、飛鏢（WDF）、高爾夫（IGF）、滑雪/滑板等項目（FIS）、水中運動（CMAS）。",,,,
ALPRENOLOL,P1,BETA阻斷劑,特定運動項目禁用,"本類含BETA阻斷劑，特定運動賽內賽外禁用，如射箭（WA）、射擊（ISSF, IPC）；特定運動賽內禁用，如汽車賽車（FIA）、撞球（WCBC）、飛鏢（WDF）、高爾夫（IGF）、滑雪/滑板等項目（FIS）、水中運動（CMAS）。",,,,
ATENOLOL,P1,BETA阻斷劑,特定運動項目禁用,"本類含BETA阻斷劑，特定運動賽內賽外禁用，如射箭（WA）、射擊（ISSF, IPC）；特定運動賽內禁用，如汽車賽車（FIA）、撞球（WCBC）、飛鏢（WDF）、高爾夫（IGF）、滑雪/滑板等項目（FIS）、水中運動（CMAS）。",,,,
BEFUNOLOL,P1,BETA阻斷劑,特定運動項目禁用,"本類含BETA阻斷劑，特定運動賽內賽外禁用，如射箭（WA）、射擊（ISSF, IPC）；特定運動賽內禁用，如汽車賽車（FIA）、撞球（WCBC）、飛鏢（WDF）、高爾夫（IGF）、滑雪/滑板等項目（FIS）、水中運動（CMAS）。",,,,
BETAXOLOL,P1,BETA阻斷劑,特定運動項目禁用,"本類含BETA阻斷劑，特定運動賽內賽外禁用，如射箭（WA）、射擊（ISSF, IPC）；特定運動賽內禁用，如汽車賽車（FIA）、撞球（WCBC）、飛鏢（WDF）、高爾夫（IGF）、滑雪/滑板等項目（FIS）、水中運動（CMAS）。",,,,
BEVANTOLOL,P1,BETA阻斷劑,特定運動項目禁用,"本類含BETA阻斷劑，特定運動賽內賽外禁用，如射箭（WA）、射擊（ISSF, IPC）；特定運動賽內禁用，如汽車賽車（FIA）、撞球（WCBC）、飛鏢（WDF）、高爾夫（IGF）、滑雪/滑板等項目（FIS）、水中運動（CMAS）。",,,,
BISOPROLOL,P1,BETA阻斷劑,特定運動項目禁用,"本類含BETA阻斷劑，特定運動賽內賽外禁用，如射箭（WA）、射擊（ISSF, IPC）；特定運動賽內禁用，如汽車賽車（FIA）、撞球（WCBC）、飛鏢（WDF）、高爾夫（IGF）、滑雪/滑板等項目（FIS）、水中運動（CMAS）。",,,,
BOPINDOLOL,P1,BETA阻斷劑,特定運動項目禁用,"本類含BETA阻斷劑，特定運動賽內賽外禁用，如射箭（WA）、射擊（ISSF, IPC）；特定運動賽內禁用，如汽車賽車（FIA）、撞球（WCBC）、飛鏢（WDF）、高爾夫（IGF）、滑雪/滑板等項目（FIS）、水中運動（CMAS）。",,,,
BUCINDOLOL,P1,BETA阻斷劑,特定運動項目禁用,"本類含BETA阻斷劑，特定運動賽內賽外禁用，如射箭（WA）、射擊（ISSF, IPC）；特定運動賽內禁用，如汽車賽車（FIA）、撞球（WCBC）、飛鏢（WDF）、高爾夫（IGF）、滑雪/滑板等項目（FIS）、水中運動（CMAS）。",,,,
CARTEOLOL,P1,BETA阻斷劑,特定運動項目禁用,"本類含BETA阻斷劑，特定運動賽內賽外禁用，如射箭（WA）、射擊（ISSF, IPC）；特定運動賽內禁用，如汽車賽車（FIA）、撞球（WCBC）、飛鏢（WDF）、高爾夫（IGF）、滑雪/滑板等項目（FIS）、水中運動（CMAS）。",,,,
CARVEDILOL,P1,BETA阻斷劑,特定運動項目禁用,"本類含BETA阻斷劑，特定運動賽內賽外禁用，如射箭（WA）、射擊（ISSF, IPC）；特定運動賽內禁用，如汽車賽車（FIA）、撞球（WCBC）、飛鏢（WDF）、高爾夫（IGF）、滑雪/滑板等項目（FIS）、水中運動（CMAS）。",,,,
CELIPROLOL,P1,BETA阻斷劑,特定運動項目禁用,"本類含BETA阻斷劑，特定運動賽內賽外禁用，如射箭（WA）、射擊（ISSF, IPC）；特定運動賽內禁用，如汽車賽車（FIA）、撞球（WCBC）、飛鏢（WDF）、高爾夫（IGF）、滑雪/滑板等項目（FIS）、水中運動（CMAS）。",,,,
ESMOLOL,P1,BETA阻斷劑,特定運動項目禁用,"本類含BETA阻斷劑，特定運動賽內賽外禁用，如射箭（WA）、射擊（ISSF, IPC）；特定運動賽內禁用，如汽車賽車（FIA）、撞球（WCBC）、飛鏢（WDF）、高爾夫（IGF）、滑雪/滑板等項目（FIS）、水中運動（CMAS）。",,,,
LABETALOL,P1,BETA阻斷劑,特定運動項目禁用,"本類含BETA阻斷劑，特定運動賽內賽外禁用，如射箭（WA）、射擊（ISSF, IPC）；特定運動賽內禁用，如汽車賽車（FIA）、撞球（WCBC）、飛鏢（WDF）、高爾夫（IGF）、滑雪/滑板等項目（FIS）、水中運動（CMAS）。",,,,
LANDIOLOL,P1,BETA阻斷劑,特定運動項目禁用,"本類含BETA阻斷劑，特定運動賽內賽外禁用，如射箭（WA）、射擊（ISSF, IPC）；特定運動賽內禁用，如汽車賽車（FIA）、撞球（WCBC）、飛鏢（WDF）、高爾夫（IGF）、滑雪/滑板等項目（FIS）、水中運動（CMAS）。",,,,
LEVOBETAXOLOL,P1,BETA阻斷劑,特定運動項目禁用,"本類含BETA阻斷劑，特定運動賽內賽外禁用，如射箭（WA）、射擊（ISSF, IPC）；特定運動賽內禁用，如汽車賽車（FIA）、撞球（WCBC）、飛鏢（WDF）、高爾夫（IGF）、滑雪/滑板等項目（FIS）、水中運動（CMAS）。",,,,
LEVOBUNOLOL,P1,BETA阻斷劑,特定運動項目禁用,"本類含BETA阻斷劑，特定運動賽內賽外禁用，如射箭（WA）、射擊（ISSF, IPC）；特定運動賽內禁用，如汽車賽車（FIA）、撞球（WCBC）、飛鏢（WDF）、高爾夫（IGF）、滑雪/滑板等項目（FIS）、水中運動（CMAS）。",,,,
MEPINDOLOL,P1,BETA阻斷劑,特定運動項目禁用,"本類含BETA阻斷劑，特定運動賽內賽外禁用，如射箭（WA）、射擊（ISSF, IPC）；特定運動賽內禁用，如汽車賽車（FIA）、撞球（WCBC）、飛鏢（WDF）、高爾夫（IGF）、滑雪/滑板等項目（FIS）、水中運動（CMAS）。",,,,
METIPRANOLOL,P1,BETA阻斷劑,特定運動項目禁用,"本類含BETA阻斷劑，特定運動賽內賽外禁用，如射箭（WA）、射擊（ISSF, IPC）；特定運動賽內禁用，如汽車賽車（FIA）、撞球（WCBC）、飛鏢（WDF）、高爾夫（IGF）、滑雪/滑板等項目（FIS）、水中運動（CMAS）。",,,,
METOPROLOL,P1,BETA阻斷劑,特定運動項目禁用,"本類含BETA阻斷劑，特定運動賽內賽外禁用，如射箭（WA）、射擊（ISSF, IPC）；特定運動賽內禁用，如汽車賽車（FIA）、撞球（WCBC）、飛鏢（WDF）、高爾夫（IGF）、滑雪/滑板等項目（FIS）、水中運動（CMAS）。",,,,
NADOLOL,P1,BETA阻斷劑,特定運動項目禁用,"本類含BETA阻斷劑，特定運動賽內賽外禁用，如射箭（WA）、射擊（ISSF, IPC）；特定運動賽內禁用，如汽車賽車（FIA）、撞球（WCBC）、飛鏢（WDF）、高爾夫（IGF）、滑雪/滑板等項目（FIS）、水中運動（CMAS）。",,,,
NEBIVOLOL,P1,BETA阻斷劑,特定運動項目禁用,"本類含BETA阻斷劑，特定運動賽內賽外禁用，如射箭（WA）、射擊（ISSF, IPC）；特定運動賽內禁用，如汽車賽車（FIA）、撞球（WCBC）、飛鏢（WDF）、高爾夫（IGF）、滑雪/滑板等項目（FIS）、水中運動（CMAS）。",,,,
NIPRADILOL,P1,BETA阻斷劑,特定運動項目禁用,"本類含BETA阻斷劑，特定運動賽內賽外禁用，如射箭（WA）、射擊（ISSF, IPC）；特定運動賽內禁用，如汽車賽車（FIA）、撞球（WCBC）、飛鏢（WDF）、高爾夫（IGF）、滑雪/滑板等項目（FIS）、水中運動（CMAS）。",,,,
OXPRENOLOL,P1,BETA阻斷劑,特定運動項目禁用,"本類含BETA阻斷劑，特定運動賽內賽外禁用，如射箭（WA）、射擊（ISSF, IPC）；特定運動賽內禁用，如汽車賽車（FIA）、撞球（WCBC）、飛鏢（WDF）、高爾夫（IGF）、滑雪/滑板等項目（FIS）、水中運動（CMAS）。",,,,
PENBUTOLOL,P1,BETA阻斷劑,特定運動項目禁用,"本類含BETA阻斷劑，特定運動賽內賽外禁用，如射箭（WA）、射擊（ISSF, IPC）；特定運動賽內禁用，如汽車賽車（FIA）、撞球（WCBC）、飛鏢（WDF）、高爾夫（IGF）、滑雪/滑板等項目（FIS）、水中運動（CMAS）。",,,,
PINDOLOL,P1,BETA阻斷劑,特定運動項目禁用,"本類含BETA阻斷劑，特定運動賽內賽外禁用，如射箭（WA）、射擊（ISSF, IPC）；特定運動賽內禁用，如汽車賽車（FIA）、撞球（WCBC）、飛鏢（WDF）、高爾夫（IGF）、滑雪/滑板等項目（FIS）、水中運動（CMAS）。",,,,
PROPRANOLOL,P1,BETA阻斷劑,特定運動項目禁用,"本類含BETA阻斷劑，特定運動賽內賽外禁用，如射箭（WA）、射擊（ISSF, IPC）；特定運動賽內禁用，如汽車賽車（FIA）、撞球（WCBC）、飛鏢（WDF）、高爾夫（IGF）、滑雪/滑板等項目（FIS）、水中運動（CMAS）。",,,,
SOTALOL,P1,BETA阻斷劑,特定運動項目禁用,"本類含BETA阻斷劑，特定運動賽內賽外禁用，如射箭（WA）、射擊（ISSF, IPC）；特定運動賽內禁用，如汽車賽車（FIA）、撞球（WCBC）、飛鏢（WDF）、高爾夫（IGF）、滑雪/滑板等項目（FIS）、水中運動（CMAS）。",,,,
TALINOLOL,P1,BETA阻斷劑,特定運動項目禁用,"本類含BETA阻斷劑，特定運動賽內賽外禁用，如射箭（WA）、射擊（ISSF, IPC）；特定運動賽內禁用，如汽車賽車（FIA）、撞球（WCBC）、飛鏢（WDF）、高爾夫（IGF）、滑雪/滑板等項目（FIS）、水中運動（CMAS）。",,,,
TERTATOLOL,P1,BETA阻斷劑,特定運動項目禁用,"本類含BETA阻斷劑，特定運動賽內賽外禁用，如射箭（WA）、射擊（ISSF, IPC）；特定運動賽內禁用，如汽車賽車（FIA）、撞球（WCBC）、飛鏢（WDF）、高爾夫（IGF）、滑雪/滑板等項目（FIS）、水中運動（CMAS）。",,,,
TIMOLOL,P1,BETA阻斷劑,特定運動項目禁用,"本類含BETA阻斷劑，特定運動賽內賽外禁用，如射箭（WA）、射擊（ISSF, IPC）；特定運動賽內禁用，如汽車賽車（FIA）、撞球（WCBC）、飛鏢（WDF）、高爾夫（IGF）、滑雪/滑板等項目（FIS）、水中運動（CMAS）。",,,,
,,,,,,,,
,,,,,,,,