禁用物質名,禁用物質分類,使用規範,許可證字號,藥品名稱,劑型與類別,適應症及效能,成份內容
不含禁用物質,,,衛署成輸      000005,"〝津村〞康蓓芙濃縮顆粒
TSUMURA CHARMFORFRAU EXTRACT GRANULES","濃縮顆粒劑
成藥","適應症：婦女諸症、產前產後各症、更年期障礙、神經衰弱、月經不順、經期頭痛、貧血、腰痠、頭暈、耳鳴、疲勞。
效能：",『白芍、當歸、桂皮、延胡索、川芎、牡丹皮、茯苓、蒼朮、地黃、橙皮、甘草、香附、桃仁、黃連、乾薑、丁香、人參』
不含禁用物質,,,衛部成輸      000007,"“樋屋”特撰金粒樋屋奇應丸
HIYA KIOGAN GOLD","丸劑
成藥","適應症：五疳、夜啼、噁心、吐乳、食傷、眩暈、消化不良。
效能：",『牛黃、蛇膽、人參、冰片、沉香、熊脫氧膽酸、金箔、寒梅粉、米粉、蜂蜜、甘油、對羥基苯甲酸丁酯、麝香酮』
不含禁用物質,,,衛署成製      000020,"“人壽牌”人參補養丸
BUYANG-G PILL ""J.S.""","丸劑
成藥","適應症：氣血虧損、健怠失眠、食慾不振、神經衰弱、調經理帶、腰骨痠痛、全身倦怠、身體虛弱
效能：",『人參、遠志、肉桂、白朮、酸棗仁、蜂蜜、茯神、龍眼肉、黃耆、木香、當歸、甘草』
不含禁用物質,,,衛署成製      000090,"“萬國”十全大補丸
","丸劑
成藥","適應症：氣血兩虛、肢體倦怠。
效能：補血益氣。",『茯苓、白朮、人參、熟地黃、白芍、炙甘草、黃耆、肉桂、當歸、川芎、蜂蜜』
不含禁用物質,,,衛署成製      000196,"“順天堂”洗肝明目散顆粒
Hsikan Mingmu San Granules“Sun-Ten”","顆粒劑
成藥","適應症：風熱腫脹、疼痛性眼病（角膜炎、實質炎、虹彩炎）的調養
效能：",『當歸、川芎、白芍、地黃、黃芩、梔子、連翹、防風、石膏、黃連、荊芥、薄荷、菊花、桔梗、蒺蔾、決明子、蔓荊子、甘草、羌活』
不含禁用物質,,,衛署成製      000197,"“順天堂”清燥救肺散顆粒
Chingsao Chiufei San Granules""Sun-Ten""","顆粒劑
成藥","適應症：咳嗽、氣喘、化痰、潤肺
效能：",『人參、麥門冬、杏仁、胡麻仁、枇杷葉、石膏、甘草、阿膠』
不含禁用物質,,,衛署成製      000198,"“順天堂”折衝飲顆粒
Che Chung Yin Granules ""Sun-Ten""","顆粒劑
成藥","適應症：月經不順、流產後調養、月經痛
效能：",『牡丹皮、川芎、白芍藥、桂枝、桃仁、川歸、牛膝、紅花、延胡索』
不含禁用物質,,,衛署成製      000201,"“順天堂”導赤散顆粒
Taochih San Granules“Sun-Ten”","顆粒劑
成藥","適應症：利尿、面赤煩燥、口糜舌瘡、小便赤澀、小便不利
效能：",『生地黃、木通、甘草、淡竹葉』
不含禁用物質,,,衛署成製      000202,"“順天堂”滋陽顆粒（茯菟丹）
Zi Yang Ke Li (Fu Tu Dan) ""Sun-Ten""","顆粒劑
成藥","適應症：遺精、白濁、消渴
效能：",『茯苓、菟絲子、五味子、石蓮肉、山藥』
不含禁用物質,,,衛署成製      000204,"“順天堂”金沸草散顆粒
Chinfeitsao San Granules“Sun-Ten”","顆粒劑
成藥","適應症：傷風、頭目昏痛、咳嗽、多痰
效能：",『旋覆花、前胡、細辛、荊芥、赤茯苓、半夏、甘草、大棗、生薑』
不含禁用物質,,,衛署成製      000207,"“順天堂”人參瀉肺散顆粒
Ginseng Seifhei San Granules ""Sun-Ten""","顆粒劑
成藥","適應症：化痰、止咳、鎮喘、胸膈脹滿
效能：",『人參、桔梗、黃芩、連翹、桑白皮、梔子、枳殼、薄荷、甘草、杏仁、大黃』
不含禁用物質,,,衛署成製      000209,"“順天堂”桂枝加附子湯顆粒
Kueichih Chia Futzu Tong San Granules“Sun-Ten”","顆粒劑
成藥","適應症：發汗過多、頭痛、發熱、惡寒、尿量減少、關節疼痛、神經痛、風濕性關節痛
效能：",『桂枝、芍藥、大棗、生薑、甘草、炮附子』
不含禁用物質,,,衛署成製      000215,"“順天堂”益氣聰明湯顆粒
Ihchih Tsungming Tang Granules""Sun-Ten""","顆粒劑
成藥","適應症：風熱上擾、頭痛眩暈、內障初起、耳鳴耳聾。
效能：益氣升陽、散風清熱。",『黃耆、人參、葛根、蔓荊子、白芍、黃蘗、升麻、炙甘草』
不含禁用物質,,,衛署成製      000216,"“順天堂”升麻葛根湯顆粒
Sheng Ma Koh Kentang Granules“Sun-Ten”","顆粒劑
成藥","適應症：感冒、衄血、眼充血、扁桃腺炎、帶有麻疹之熱性病之初期
效能：",『葛根、升麻、生薑、白芍、甘草』
麻黃,S6興奮劑,"賽內之麻黃鹼尿液中濃度超過以下閾值則視為使用禁用物質：
去甲假麻黃鹼 (CATHINE) 5 MCG/ML
麻黃鹼 (EPHEDRINE) 10 MCG/ML
甲基麻黃鹼 (METHYLEPHEDRINE) 10 MCG/ML
假麻黃鹼 (PSEUDOEPHEDRINE) 150 MCG/ML",衛署成製      000217,"“順天堂”三黃石膏湯顆粒
Sanhuang Shihkao Tang Granuels""Sun-Ten""","顆粒劑
成藥","適應症：發熱、面赤、鼻乾、舌燥口渴、煩燥不眠
效能：",『黃連、黃芩、黃柏、麻黃、石膏、梔子、淡豆豉、生薑』
不含禁用物質,,,衛署中藥輸     000220,"藥用養命酒
YOMEISHU","中藥酒劑
乙類成藥","適應症：胃腸虛弱、食慾不振、胃寒肢冷、體虛勞倦。
效能：",『肉桂、紅花、地黃、白芍、丁香、人參、防風、薑黃、益母草、淫羊藿、烏樟、杜仲、肉蓯蓉、反鼻、葡萄糖、原料酒』
不含禁用物質,,,衛署中藥輸     000223,"“第一”六味地黃丸
DAIICHI ROKUMIGAN","丸劑
成藥","適應症：肝腎不足、腰痛足痠、頭暈目眩、消渴、舌燥喉痛、足跟作痛。
效能：滋陰補腎。",『熟地黃、山茱萸、山藥、澤瀉、牡丹皮、茯苓、蜂蜜、去水醋酸鈉、米之粉、寒梅粉、羧甲基澱粉鈉、聚乙二醇1500、菜子油、滑石粉』
不含禁用物質,,,衛署成製      000256,"“順天堂”旋覆花代赭石湯顆粒
Hauan Fuhua Taichushih Tong Granules""Sun-Ten""","顆粒劑
成藥","適應症：嘔吐、腹瀉、胃酸過多
效能：",『旋覆花、代赭石、人參、大棗、甘草、生薑、半夏』
不含禁用物質,,,衛署成製      000262,"“順天堂”萆薢分清飲顆粒
Pichiai Fenching Yin Granules""Sun-Ten""","顆粒劑
成藥","適應症：陽虛白濁、小便頻數、利尿
效能：",『萆薢、石菖蒲、烏藥、益智仁、甘草、鹽』
不含禁用物質,,,衛署成製      000264,"“順天堂”瀉白散顆粒
Hsieh Pai San Granules“Sun-Ten”","顆粒劑
成藥","適應症：氣喘、咳嗽
效能：",『桑白皮、地骨皮、甘草、粳米』
不含禁用物質,,,衛署成製      000269,"“順天堂”香薷飲顆粒
Shiunghsuing“Sun-Ten”","顆粒劑
成藥","適應症：暑熱、頭痛、惡寒、口渴
效能：",『香薷、扁豆、厚朴』
不含禁用物質,,,衛署成製      000271,"“順天堂”八味帶下方顆粒
Ba Wei Dai Xia Fang Ke Li ""Sun-Ten""","顆粒劑
成藥","適應症：白帶
效能：",『土茯苓、川歸、川芎、木通、茯苓、陳皮、金銀花、大黃』
不含禁用物質,,,衛署成製      000272,"“順天堂”當歸四逆散顆粒
Tang Kuei Szu Ni San Granuels""Sun-Ten""","顆粒劑
成藥","適應症：手足厥冷、尿利減少、腳氣、腰痛、脈微
效能：",『當歸、白芍、細辛、桂皮、通草、大棗、甘草』
麻黃,S6興奮劑,"賽內之麻黃鹼尿液中濃度超過以下閾值則視為使用禁用物質：
去甲假麻黃鹼 (CATHINE) 5 MCG/ML
麻黃鹼 (EPHEDRINE) 10 MCG/ML
甲基麻黃鹼 (METHYLEPHEDRINE) 10 MCG/ML
假麻黃鹼 (PSEUDOEPHEDRINE) 150 MCG/ML",衛署成製      000278,"“順天堂”續命湯顆粒
Hsuming Tang Granules“Sun-Ten”","顆粒劑
成藥","適應症：產後失血
效能：",『麻黃、桂枝、當歸、人參、石膏、乾薑、甘草、川芎、杏仁』
不含禁用物質,,,衛署成製      000279,"“順天堂”桑螵蛸散顆粒
Sangpiehshiao San Granules""Sun-Ten""","顆粒劑
成藥","適應症：鎮靜、小便頻數、健忘
效能：",『人參、茯苓、遠志、石菖蒲、桑螵蛸、龍骨、龜板、當歸』
不含禁用物質,,,衛署成製      000280,"“順天堂”五皮飲顆粒
Wupei Yin Granules“Sun-Ten”","顆粒劑
成藥","適應症：浮腫、四肢脹滿、小便不利
效能：",『茯苓皮、陳皮、生薑皮、桑白皮、大腹皮』
不含禁用物質,,,衛署成製      000289,"“順天堂”上中下通用痛風散顆粒
Sunchongshia Tong Fong San Granules“Sun-Ten”","顆粒劑
成藥","適應症：痛風、風濕、骨節痠痛
效能：",『黃柏、蒼朮、製南星、神麴、川芎、桃仁、龍膽、防己、白芷、羌活、威靈仙、桂枝、紅花』
不含禁用物質,,,衛署成製      000312,"“南都”寧嗽丸
Ningsou Pill ""N.T.""","丸劑
成藥","適應症：咳嗽。
效能：",『桔梗、川石斛、半夏、川貝母、蘇子、茯苓、薄荷、杏仁、桑白皮、橘紅、麥芽、甘草、蜂蜜』
麻黃,S6興奮劑,"賽內之麻黃鹼尿液中濃度超過以下閾值則視為使用禁用物質：
去甲假麻黃鹼 (CATHINE) 5 MCG/ML
麻黃鹼 (EPHEDRINE) 10 MCG/ML
甲基麻黃鹼 (METHYLEPHEDRINE) 10 MCG/ML
假麻黃鹼 (PSEUDOEPHEDRINE) 150 MCG/ML",衛署成製      000314,"“南都”鼻安通丸
Biantong Pill ""N.T.""","丸劑
成藥","適應症：感冒、鼻塞、流鼻涕。
效能：",『防風、羌活、？本、升麻、葛根、川芎、蒼朮、白芷、麻黃、川椒、細辛、甘草、蜂蜜』
不含禁用物質,,,衛署成製      000358,"“南都”喘嗽？痰丸
Chuansouchiehtan Pill ""N.T""","丸劑
成藥","適應症：咳嗽、氣喘、祛痰。
效能：",『陳皮、赤茯苓、杏仁、阿膠珠、五味子、桑白皮、薏苡仁、紫蘇葉、百合、貝母、半夏、款冬花、人參、甘草、蜂蜜』
不含禁用物質,,,衛署成製      000376,"“宏靈牌”理風膏
","膏劑
成藥","適應症：風濕痛、神經痛、筋骨痠痛。
效能：",『川烏、草烏、生地黃、白蘞、白芷、白及、當歸、赤芍、羌活、木子、烏藥、甘草、獨活、元參、大黃、肉桂、黃丹、麻油』
不含禁用物質,,,衛署成製      000387,"黃飛鴻補腎丸
","丸劑
成藥","適應症：元氣不足、腰痛耳鳴、四肢痠軟、形體瘦弱。
效能：固本培元。",『黨參、枸杞子、鹿茸、巴戟肉、白芍藥、菟絲子、小茴香、懷山藥、茯神、白朮、肉蓯蓉、黃耆、熟地黃、懷牛膝、甘草、肉桂、杜仲、製何首烏、蜂蜜』
不含禁用物質,,,衛署成製      000420,"“南都”人參補心丸
Jensan Pu Sin Wan ""N.T.""","丸劑
成藥","適應症：祛煩熱、神志不寧、咽乾口燥、怔忡、心血不足。
效能：",『生地黃、人參、茯苓、遠志、石菖蒲、元參、柏子仁、桔梗、天門冬、丹參、酸棗仁、甘草、麥門冬、百部、杜仲、茯神、當歸、五味子、蜂蜜』
不含禁用物質,,,衛署成製      000436,"“南都”參茸固本丸
Shen Lon Ku Bun Wan ""N.T.""","丸劑
成藥","適應症：元氣不足、腰痛耳鳴、四肢痠軟。
效能：",『人參、枸杞子、鹿茸、巴戟肉、白芍、菟絲子、小茴香、淮山藥、陳皮、茯神、白朮、肉蓯蓉、黃耆、熟地黃、懷牛膝、甘草、肉桂、蜂蜜』
不含禁用物質,,,衛署成製      000446,"“萬國”參苓白朮散
SHEN LING BAIR JWU SAAN“W.K.”","散劑
成藥","適應症：脾胃虛弱、食少便溏。
效能：補氣健脾、滲溼和胃。",『白扁豆、人參、茯苓、白朮、甘草、山藥、蓮子肉、桔梗、薏苡仁、砂仁』
不含禁用物質,,,衛署成製      000467,"“中美”參茸固本丸
Shen Lon Ku Bun Wan ""C.M.""","丸劑
成藥","適應症：元氣不足、腰痛、耳鳴、四肢痠軟
效能：",『人參、枸杞子、鹿茸、巴戟肉、白芍、菟絲子、小茴香、山藥、陳皮、茯神、白朮、肉蓯蓉、黃耆、熟地黃、懷牛膝、甘草、肉桂、蜂蜜』
不含禁用物質,,,衛署成製      000491,"“南都”金鎖固精丸
Chinsokuching Pill“N.T.”","丸劑
成藥","適應症：滑精、盜汗、虛煩。
效能：固澀。",『沙苑蒺藜、芡實、蓮鬚、龍骨、牡蠣、蜂蜜』
不含禁用物質,,,衛署成製      000493,"“宏靈牌”破皮膏
","膏劑
成藥","適應症：?瘡久不收口、湯火傷、刀傷、擦傷。
效能：",『血餘、白蠟、龍骨、黃丹、麻油』
不含禁用物質,,,衛署成製      000497,"“中美”治痛風濕丸（獨活寄生湯）
Tu ho gi sn tung Wan ""C.M.""","丸劑
成藥","適應症：腰膝作痛、冷痺無力。
效能：",『獨活、桑寄生、秦艽、防風、細辛、當歸、芍藥、川芎、熟地黃、杜仲、牛膝、人參、茯苓、甘草、桂心、蜂蜜』
不含禁用物質,,,衛署成製      000498,"“中美”寧嗽丸
Ningsou Pills ""C.M.""","丸劑
成藥","適應症：咳嗽。
效能：",『桔梗、川石斛、半夏、川貝母、蘇子、茯苓、薄荷、杏仁、桑白皮、橘紅、麥芽、甘草、蜂蜜』
不含禁用物質,,,衛署藥製      000510,"“順天堂”苦荊散濃縮散
Kuchinqsan Extract Powder ""Sun-Ten""","濃縮散劑
須由中醫師處方使用","適應症：濕疹
效能：",『苦參、荊芥』
不含禁用物質,,,衛署成製      000512,"”福隆興”還少丸
","丸劑
成藥","適應症：脾腎虛寒、血氣虛損、體虛盜汗、遺精尿濁。
效能：補心腎脾胃虛損。",『山藥、牛膝、茯苓、山茱萸、楮實、杜仲、五味子、巴戟天、肉蓯蓉、遠志、小茴香、石菖蒲、熟地黃、枸子、大棗、蜂蜜』
不含禁用物質,,,衛署成製      000517,"“艸本堂”安咳化痰丸
","丸劑
成藥","適應症：咳嗽、袪痰。
效能：",『陳皮、赤茯苓、杏仁、阿膠珠、五味子、桑白皮、薏苡仁、紫蘇葉、百合、貝母、半夏、款冬花、人參、甘草、乾薑、蜂蜜』
不含禁用物質,,,衛署成製      000518,"“皇船牌”婦妙湯
HWANG CHERNG PAI EWMIAWTON","碎片劑
成藥","適應症：經期不順、經行腹痛、頭暈目眩、肢體倦怠、食慾不振、白帶。
效能：",『人參、甘草、川芎、當歸、牡丹皮、香附、茯苓、白朮、白芍、益母草、丹參、肉桂』
不含禁用物質,,,衛署成製      000519,"”華僑”脾腎雙補丸
Hwa Chiao Pei Shen Shang Po Wan","丸劑
成藥","適應症：脾腎兩虛、腰疲膝軟、精力減退。
效能：",『人參末、山茱萸肉末、巴戟天末、肉豆蔻末、菟絲子末、五味子末、補骨脂末、縮砂仁末、蓮子末、鹿鞭末、薯蕷末、橘皮末、車前子末、蜂蜜』
不含禁用物質,,,衛署成製      000521,"“福安”明目地黃散
","散劑
成藥","適應症：目翳遮晴、目澀多淚、視物不清
效能：",『熟地黃、茯苓、白芍、牡丹皮、澤瀉、甘菊花、當歸、枸杞子、白蒺藜、山藥、石決明、山茱萸』
不含禁用物質,,,衛署成製      000533,"“莊春仁”加味地黃丸
","丸劑
成藥","適應症：頭目眩暈、咽喉燥痛、口舌瘡裂
效能：",『熟地黃、山茱萸、淮山藥、牡丹皮、茯苓、澤瀉、山梔子、地骨皮、蜂蜜』
不含禁用物質,,,衛署成製      000536,"“萬國”六味地黃丸
","丸劑
成藥","適應症：肝腎不足、腰痛足痠、頭暈目眩、消渴、舌燥喉痛、足跟作痛。
效能：滋陰補腎。",『熟地黃、山茱萸、山藥、澤瀉、牡丹皮、茯苓、蜂蜜』
不含禁用物質,,,衛署成製      000537,"“萬國”杞菊地黃丸
","丸劑
成藥","適應症：肝腎陰虛、頭暈目眩、視物不清、眼睛澀痛、迎風流淚。
效能：滋腎養肝。",『枸杞子、甘菊花、熟地黃、山茱萸、山藥、茯苓、牡丹皮、澤瀉、蜂蜜』
不含禁用物質,,,衛署成製      000548,"""福安""寧嗽散
","散劑
成藥","適應症：咳嗽
效能：",『桔梗、川石斛、半夏、川貝母、蘇子、茯苓、薄荷、杏仁、桑白皮、橘紅、麥芽、甘草』
不含禁用物質,,,衛署成製      000565,"“莊春仁”莊春仁婦寶調經散（調經種子丸）
Juang Chuen Ren Fuh Bao Tyan Jing Saan“J.C.R”（Tyan Jing Zhong Zi Wan）","散劑
成藥","適應症：婦人血虛氣滯、腰痠腹痛、經水過多、赤白帶下。
效能：",『熟地黃、杜仲、香附、川芎、當歸、續斷、艾葉、黃芩、阿膠、白芍、益母草』
麻黃,S6興奮劑,"賽內之麻黃鹼尿液中濃度超過以下閾值則視為使用禁用物質：
去甲假麻黃鹼 (CATHINE) 5 MCG/ML
麻黃鹼 (EPHEDRINE) 10 MCG/ML
甲基麻黃鹼 (METHYLEPHEDRINE) 10 MCG/ML
假麻黃鹼 (PSEUDOEPHEDRINE) 150 MCG/ML",衛署成製      000571,"“中美牌”通竅丸
Ton Chau Wan ""C.M.""","丸劑
成藥","適應症：感冒、風寒、鼻塞、聲重、流鼻涕
效能：",『防風、羌活、%本、升麻、葛根、川芎、蒼朮、白芷、麻黃、川椒、細辛、甘草、蜂蜜』
不含禁用物質,,,衛署成製      000574,"“萬國”平胃散
PYNG WAY POWDER ""W.K.""","散劑
成藥","適應症：不思飲食、反胃嘔心、噯氣吞酸
效能：",『厚朴、陳皮、甘草、蒼朮、生薑』
不含禁用物質,,,衛署成製      000576,"“萬國”獨活寄生丸
DWU HWO CHI SHENG PILLS〝W.K.〞","丸劑
成藥","適應症：風濕內攻、腰膝作痛、冷痺無力。
效能：",『獨活、桑寄生、秦艽、防風、細辛、當歸、白芍、川芎、熟地黃、杜仲、牛膝、人參、茯苓、甘草、桂心、蜂蜜』
不含禁用物質,,,衛署成製      000584,"“萬國”參茸固本丸
","丸劑
成藥","適應症：元氣不足、腰痛耳鳴、四肢痠軟、形體瘦弱。
效能：固本培元。",『人參、鹿茸片、白芍藥、小茴香、陳皮、白朮、黃耆、牛膝、桂心、枸杞子、巴戟肉、菟絲子、山藥、茯神、肉蓯蓉、當歸身、熟地黃、甘草、蜂蜜』
不含禁用物質,,,衛署成製      000585,"“萬國”知柏地黃丸
","丸劑
成藥","適應症：頭暈耳鳴、舌燥咽痛、腰脊痠痛。
效能：滋陰降火。",『熟地黃、山茱萸、茯苓、山藥、牡丹皮、澤瀉、知母、黃柏、蜂蜜』
不含禁用物質,,,衛署成製      000586,"“萬國”寧嗽散
LINSAU POWDER ""W.K.""","散劑
成藥","適應症：咳嗽。
效能：",『桔梗、川石斛、半夏、川貝母、蘇子、茯苓、薄荷、杏仁、桑白皮、橘紅、麥芽、甘草』
不含禁用物質,,,衛署成製      000628,"“大昌”人參益母丸（八珍湯加減味）
GINSENG EI MOW PILL ""TA CHAN""","丸劑
成藥","適應症：婦人氣血兩虛、經期不順、產後傷血過多、頭暈眼黑、心神恍惚或瘀血不止、臍腹疼痛、面色痿黃、食慾不振
效能：",『人參、川芎、雲茯苓、白芍藥、製甘草、當歸、白朮、益母草、熟地黃、蜂蜜』
不含禁用物質,,,衛署成製      000629,"“大昌”調經補血丸
TIAUCHIN PUHSUEH PILL ""TA CHAN""","丸劑
成藥","適應症：月經不順、經來腹痛、心煩不眠、頭暈心悸、益氣補血、腰痠背痛、四肢無力
效能：",『人參、茯苓、甘草、白朮、熟地黃、川芎、白芍、當歸、益母草、蜂蜜』
不含禁用物質,,,衛署成製      000632,"“大昌”烏雞丸
UCHI PILL ""TA CHAN""","丸劑
成藥","適應症：脾胃虛弱，血氣不足，經候不調。
效能：",『生地黃、熟地黃、天門冬、麥門冬、肉蓯蓉、補骨脂、杜仲、人參、甘草、小茴香、當歸、川芎、白朮、丹參、白茯苓、香附、砂仁、蜂蜜』
不含禁用物質,,,衛署成製      000633,"“大昌”固腎丸（還少丹加味）
CHANSUNG PILL ""TA CHAN""","丸劑
成藥","適應症：脾胃虛寒，血氣羸乏，體虛盜汗，遺精尿濁。
效能：補心腎脾胃，四經虛損。",『山茱萸、山藥、茯苓、熟地黃、杜仲、牛膝、肉蓯蓉、楮實、小茴香、巴戟天、枸杞子、遠志、石菖蒲、五味子、大棗、乾薑、海馬、蜂蜜』
不含禁用物質,,,衛署成製      000634,"“大昌”固精丸
GU JING PILL ""TA CHAN""","丸劑
成藥","適應症：精力減退，神困體倦，腰痠背痛。
效能：滋腎水",『菟絲子、枸杞子、熟地黃、楮實子、車前子、五味子、覆盆子、川石斛、蓯蓉、沉香、青鹽、蜂蜜』
不含禁用物質,,,衛署成製      000635,"“大昌”固胃效應散
CHANWEISIAUING POWDER","散劑
成藥","適應症：胃痛、噁心嘔吐、胸中悶、脹滿、消化不良、快脾開胃、下氣和中、腹瀉
效能：",『蒼朮、陳皮、厚樸、甘草、瞿麥、麥芽、川芎、沈香、木香、大黃、乾薑、薄荷、食鹽』
不含禁用物質,,,衛署成製      000645,"“忠山”人參女寶湯
“JON SAN”JEN SHENG NU PAO TNAG","碎片劑
成藥","適應症：經期不順、經行腹痛、腰痠骨痛、頭暈目胘、頭痛、肢體倦怠、食慾不振、病後失調、白帶。
效能：",『人參、當歸、白芍、茯苓、柴胡、白朮、甘草、薄荷』
不含禁用物質,,,衛署成製      000676,"“宏靈牌”打傷膏
","膏劑
成藥","適應症：跌打損傷、扭傷、青腫、疼痛。
效能：",『乳香、沒藥、木鱉子、當歸、柳枝、延胡索、黃丹、麻油』
不含禁用物質,,,衛署成製      000694,"“南都”獨活寄生丸
Tu Huo Chi Sen Pill ""N.T.""","丸劑
成藥","適應症：腰腿拘急、筋骨攣痛。
效能：",『獨活、桑寄生、秦艽、防風、細辛、酒川芎、酒當歸、酒白芍、熟地黃、桂心、茯苓、炒杜仲、牛膝、人參、甘草、蜂蜜』
不含禁用物質,,,衛署成製      000745,"“萬國”桂附地黃丸（八味地黃丸）
Guey Fuh Dih Hwang Pill ""WK""","丸劑
成藥","適應症：腎陽虛弱、命門火衰、夜尿、自汗、耳鳴。
效能：溫補腎陽。",『茯苓、牡丹皮、澤瀉、熟地黃、山茱萸、山藥、炮附子、肉桂、蜂蜜』
不含禁用物質,,,衛署成製      000778,"“南都”五福化毒丸
Wufufatu Wan ""N.T.""","丸劑
成藥","適應症：熱毒蘊積、膽語頰赤、咽乾唇焦、口舌生瘡、頭面瘡癤。
效能：",『生地黃、熟地黃、天門冬、麥門冬、玄參、甜硝、甘草、青黛、蜂蜜』
不含禁用物質,,,衛署成製      000779,"“勝昌”天王補心丹濃縮顆粒
Poshintan-King Extract Granules“Sheng Chang”","濃縮顆粒劑
成藥","適應症：寧心、益血、固精、清三焦、祛煩熱、神志不寧、津液枯涸、咽乾、口燥、怔忡。
效能：",『生地黃、熟地黃、人參、遠志、石菖蒲、元參、柏子仁、桔梗、天門冬、丹參、酸棗仁、麥門冬、黃連、茯神、當歸、五味子』
不含禁用物質,,,衛署成製      000784,"〝觀音牌〞顧好胃
","丸劑
成藥","適應症：胃痛脘脹、胃酸過多、病後養胃。
效能：",『廣霍香、雞內金、縮砂仁、豆蔻仁、佛手片、柴胡、蘇佩蘭、黃芩、甘草、山楂、澱粉』
不含禁用物質,,,衛署成製      000786,"“沈長泉”通用痛風丸（上中下通用痛風丸）
","丸劑
成藥","適應症：感受風寒濕邪、挾痰熱、血脈不暢、骨節疼痛。
效能：疏風祛痰、清熱燥濕、活血止痛。",『天南星、蒼朮、黃柏、川芎、白芷、神麴、桃仁、威靈仙、羌活、防己、桂枝、紅花、龍膽、蜂蜜』
不含禁用物質,,,衛署成製      000789,"“天明”新女人回春丸
","丸劑
成藥","適應症：經期不順、白帶、腰痠背痛、病後失調。
效能：",『當歸、熟地黃、陳皮、厚朴、川芎、白朮、香附、延胡索、白芷、甘草、小茴香、蜂蜜』
不含禁用物質,,,衛署成製      000790,"“佛記”佛記腰子膀胱勇健腎丸
“FOR CHI” FOR CHI Yau Iz Pang Guang Yung Jian Shen Pill","丸劑
成藥","適應症：腎虛遺尿、小便頻數。
效能：",『吧參、龜板、當歸、鹿茸、茯苓、石菖蒲、桑螵蛸、蓮鬚、龍骨、遠志、白朮、五味子、蜂蜜』
不含禁用物質,,,衛署成製      000791,"""忠山""克嗽散
〝JON SAN〞KE SHOU SAN","散劑
成藥","適應症：感冒風寒、咳嗽。
效能：",『人參、木香、紫蘇葉、陳皮、枳殼、前胡、葛根、茯苓、甘草、半夏、桔梗、薄荷、梅片』
不含禁用物質,,,衛署成製      000814,"“昕泰”賜胃康散
Sz Wei Kan Powder“Shin Tai”","散劑
成藥","適應症：胃酸過多、消化不良。
效能：",『大黃、丁香、檳榔、厚朴、藿香、青皮、甘草、山楂、木香、三陵、莪朮、良薑、桂子、滑石、薄荷腦』
不含禁用物質,,,衛署成製      000817,"“天明”人參健心丸
","丸劑
成藥","適應症：心血不足、神經衰弱、喘嗽。
效能：",『當歸、麥門冬、柏子仁、黨參、五味子、生地黃、酸棗仁、人參、茯苓、天門冬、遠志、吧參、桔梗、蜂蜜』
不含禁用物質,,,衛署成製      000818,"“三帆”三帆養血膏
THREE MAST YANG XIE GAO“S.F.” ","膏劑
成藥","適應症：補血、身體衰弱、消除疲勞、病後失調、產前產後失調。
效能：",『人參、麥門冬、麥芽膏、陳皮、五味子、去水醋酸鈉、蒸餾水』
不含禁用物質,,,衛署成製      000851,"“大昌牌”喘嗽丸
CHOAN SOW PILL ""TA CHAN""","丸劑
成藥","適應症：咳嗽、氣喘、慢性支氣管炎、袪痰、潤心肺、散肺鬱
效能：",『陳皮、茯苓、杏仁、百合、半夏、阿膠珠、桑白皮、薏苡仁、紫蘇葉、五味子、川貝母、款冬花、沉香、人參、甘草、乾薑、蜂蜜』
不含禁用物質,,,衛署成製      000852,"“大昌牌”濟生腎氣丸
GISEN SHAN CHI WAN“TA CHAN”","丸劑
成藥","適應症：腎陽不足、腰膝痠重、小便不利。
效能：溫腎化氣、利水消腫。",『熟地黃、山萸肉、山藥、茯苓、牡丹皮、澤瀉、炮附子、肉桂、牛膝、車前子、蜂蜜』
麻黃,S6興奮劑,"賽內之麻黃鹼尿液中濃度超過以下閾值則視為使用禁用物質：
去甲假麻黃鹼 (CATHINE) 5 MCG/ML
麻黃鹼 (EPHEDRINE) 10 MCG/ML
甲基麻黃鹼 (METHYLEPHEDRINE) 10 MCG/ML
假麻黃鹼 (PSEUDOEPHEDRINE) 150 MCG/ML",衛署成製      000854,"“大昌牌”治鼻通丸
CHIH PI TUNG PILL ""TA CHAN""","丸劑
成藥","適應症：感冒、風寒、鼻寒、流鼻涕、咳嗽、咳痰。
效能：",『防風、羌活、蒿本、升麻、葛根、川芎、蒼朮、白芷、麻黃、川椒、細辛、甘草、乾薑、蜂蜜』
不含禁用物質,,,衛署成製      000861,"“鐵獅牌”婦女寶丸
","丸劑
成藥","適應症：月經不調、頭暈目眩、月經困難、白帶、理氣養血
效能：",『香附、白芍、生地黃、延胡索、菟絲子、茯苓、黃耆、川芎、白朮、杜仲、當歸、肉蓯蓉、陳皮、小茴香、青皮、烏藥、黃芩、蜂蜜』
不含禁用物質,,,衛署成製      000865,"保鼻寧散
","散劑
成藥","適應症：傷風鼻塞、鼻淵鼻痔、慢性鼻炎
效能：",『辛夷、荊芥、黃芩、神麴、天南星、半夏、白芷、蒼朮、川芎、甘菊花、薄荷』
不含禁用物質,,,衛署成製      000879,"正光牌定喘丸
Tin Chuan Wan“Cheng Kuang”","丸劑
成藥","適應症：一切喘症、潤肺止嗽、化痰止喘
效能：",『紫蘇梗、白芥子、紫蘇子、桑皮、百合、杏仁、陳皮、川貝、白朮、茯苓、阿膠、黃耆、天門冬、知母、半夏、當歸、生地黃、蜂蜜』
不含禁用物質,,,衛署成製      000886,"“大昌”牌大補經湯
TA BU JING TANG ""TA CHAN""","碎片劑
成藥","適應症：婦人氣血虛弱、血海寒冷、經來腹痛、白帶、四肢無力、頭目眩暈、肌體羸弱
效能：",『當歸、白芍、香附、川芎、熟地黃、白朮、茯苓、黃菧、陳皮、玄胡索、人參、砂仁、阿膠、沈香、小茴香、吳茱萸、肉桂、粉甘草、生薑』
不含禁用物質,,,衛署成製      000887,"“大昌”牌溫經湯
UN JING TANG ""TA CHAN""","碎片劑
成藥","適應症：月經不順、帶下、更年期障礙
效能：",『半夏、麥門冬、當歸、川芎、白芍、人參、桂枝、阿膠、牡丹皮、甘草、生薑、吳茱萸』
不含禁用物質,,,衛署成製      000913,"“勝昌”如意金黃散
Ru Yi Jin Huang San ""Sheng Chang""","粉劑
成藥","適應症：癰瘍、疔腫、乳癰、丹毒、漆瘡、燙傷、跌撲損傷。
效能：消腫、解毒、止痛。",『栝樓根、黃柏、大黃、薑黃、白芷、厚朴、陳皮、甘草、蒼朮、生天南星』
不含禁用物質,,,衛署成製      000923,"“王將牌”加味人參大補丸
","丸劑
成藥","適應症：氣血兩虛、肢體倦怠。
效能：補益氣血。",『當歸末、人參末、黃耆末、甘草末、川芎末、熟地黃末、肉桂末、白朮末、白芍藥末、黨參末、蜂蜜』
不含禁用物質,,,衛署成製      000968,"“正光”平胃散
Pen Wei San“Cheng Kuang”","散劑
成藥","適應症：濕阻脾胃、脘腹脹滿、噁心嘔吐、噫氣吞酸。
效能：燥濕健脾、理氣和中。",『厚朴、陳皮、炙甘草、蒼朮、生薑、大棗』
不含禁用物質,,,衛署成製      000978,"“沈長泉”參茸固本丸
","丸劑
成藥","適應症：元氣不足、腰痛耳鳴、四肢痠軟
效能：",『人參、枸杞子、鹿茸、巴戟肉、白芍藥、菟絲子、小茴香、淮山藥、陳皮、茯神、白朮、肉蓯蓉、黃耆、熟地黃、懷牛膝、甘草、肉桂、蜂蜜』
不含禁用物質,,,衛署成製      000979,"“南都”十全大補丸
Suchyantapu Pills ""N.T.""","丸劑
成藥","適應症：氣血兩虛、肢體倦怠。
效能：補血益氣。",『茯苓、白朮、人參、熟地黃、白芍、炙甘草、黃耆、肉桂、當歸、川芎、蜂蜜』
不含禁用物質,,,衛署成製      000983,"“中美”天王安腦丸（天王補心丹）
Tain Wang An Nao Wan“C.M.”","丸劑
成藥","適應症：咽乾口燥、神智不寧、怔忡。
效能：",『生地黃、熟地黃、人參、遠志、石菖蒲、元參、柏子仁、桔梗、天門冬、丹參、酸棗仁、麥門冬、黃連、茯神、當歸、五味子、蜂蜜』
不含禁用物質,,,衛署成製      000989,"”人壽”嗽通散
","散劑
成藥","適應症：咳嗽、祛痰。
效能：",『桑白皮、地骨皮、麥門冬、川貝母、薄荷、知母、桔梗、甘草、黃芩』
不含禁用物質,,,衛署成製      000994,"“永安”鎖陽固精丸
","丸劑
成藥","適應症：真元不固、濕熱性遺精。
效能：固精益氣。",『當歸、山藥、白朮、鎖陽、蛤粉、知母、椿根皮、熟地黃、人參、茯苓、牡蠣、黃柏、杜仲、破故紙、蜂蜜』
不含禁用物質,,,衛署成製      000999,"“金犬牌”固本丸
Kupunwan　Pills","丸劑
成藥","適應症：遺精、補氣、腰痛耳鳴、四肢無力。
效能：",『蓮鬚、遠志、白朮、當歸、枸杞子、山茱萸、山藥、黃耆、茯苓、肉桂、酸棗仁、澤瀉、蜂蜜』
不含禁用物質,,,衛署成製      001012,"“南都”六味地黃丸
Lioweidihuan Pill“N.T.”","丸劑
成藥","適應症：肝腎不足、腰痛足痠、頭暈目眩、消渴、舌燥喉痛、足跟作痛。
效能：滋陰補腎。",『熟地黃、山茱萸、山藥、牡丹皮、茯苓、澤瀉、蜂蜜』
不含禁用物質,,,衛署成製      001028,"“紅椒牌”除濕湯
CHU SU TANG ""HORNG JIAU PAI""","散劑
成藥","適應症：寒濕、身重、大便溏泄
效能：",『半夏、厚朴、蒼朮、藿香、陳皮、茯苓、白朮、甘草』
不含禁用物質,,,衛署成製      001105,"“領先”實脾散
","散劑
成藥","適應症：脾胃虛冷  吐瀉不止  乳食不進。
效能：",『人參、茯苓、白朮、砂仁、麥芽、神麴、陳皮、石蓮、乾山藥、高良薑、青皮、冬瓜仁、丁香、木香、薏苡仁、扁豆、香附子、甘草、陳米、肉豆蔻』
不含禁用物質,,,衛署成製      001129,"“王將牌”六味地黃丸
","丸劑
成藥","適應症：肝腎不足、腰痛足痠、頭暈目眩、消渴、舌燥喉痛、足跟作痛。
效能：滋陰補腎。",『熟地黃、山茱萸、山藥、澤瀉、牡丹皮、茯苓、蜂蜜』
不含禁用物質,,,衛署成製      001132,"“百壽”補腎丸
BU SHEN WAN“BIO SOURCE”","丸劑
成藥","適應症：氣血兩虛、肢體倦怠。
效能：補氣血、壯元陽。",『鹿鞭、鹿茸、人參、黃耆、當歸、甘草、茯苓、川芎、白朮、熟地黃、肉桂、白芍、補骨脂、蜂蜜』
不含禁用物質,,,衛署藥製      001134,"“順天堂”人參濃縮顆粒
Ginseng Extract Granules“Sun-Ten”","濃縮顆粒劑
調劑專用","適應症：補脾益氣、強壯、生津消渴、虛弱
效能：",『人參』
不含禁用物質,,,衛署藥製      001135,"“順天堂”薤白濃縮顆粒
Hsieh Pai Extract Granules ""Sun Ten""","濃縮顆粒劑
調劑專用","適應症：溫中通陽、下氣散結、治瀉痢後重。
效能：",『薤白』
不含禁用物質,,,衛署藥製      001139,"“順天堂”蓮鬚濃縮顆粒
Lianshi Extract Granules “Sun-Ten”","濃縮顆粒劑
調劑專用","適應症：遺精、帶濁。
效能：",『蓮鬚』
不含禁用物質,,,衛署成製      001160,"“泰吉”七寶美髯丹丸
","丸劑
成藥","適應症：氣血不足、腎虛體弱
效能：補腎元、烏鬚髮",『破故紙、懷牛膝、當歸、茯苓、菟絲子、枸杞子、何首烏、蜂蜜』
不含禁用物質,,,衛署成製      001163,"“東陽”養胃散
Yangweisun""Tong-Yang""","散劑
成藥","適應症：食慾不振、反胃噁心、噯氣吞酸。
效能：",『香附、砂仁、木香、豆蔻仁、厚朴、白朮、陳皮、茯苓、甘草、人參、蒼朮、冰片』
不含禁用物質,,,衛署成製      001176,"“正光”健脾散
","散劑
成藥","適應症：消化不良、食慾不振、開胃健脾。
效能：",『茯苓、草果、人參、厚朴、蒼朮、陳皮、甘草』
不含禁用物質,,,衛署成製      001182,"“正光”清腦丸
Ching Nao Wan“Cheng Kuang”","丸劑
成藥","適應症：勞思傷神、失眠
效能：",『龜板、龍骨、遠志、石菖蒲、蓮心、茯神、酸棗仁、麥門冬、甘草、川芎、生地黃、蜂蜜』
不含禁用物質,,,衛署成製      001190,"“泰吉”三黃丸
","丸劑
成藥","適應症：三焦積熱、牙齒疼痛、小便赤黃、大便秘結
效能：",『柴胡、石膏、大黃、桔梗、黃芩、黃柏、甘草、蜂蜜』
不含禁用物質,,,衛署成製      001191,"“正光”嗽樂散
Sou Lo San“Cheng Kuang”","散劑
成藥","適應症：咳嗽、化痰、潤肺
效能：",『黃芩、橘紅、枇杷葉、青黛、紫蘇子、甘草、桔梗、川貝母、栝樓根、桑白皮、苦杏仁、前胡、款冬花、冰片』
不含禁用物質,,,衛署成製      001251,"“正光”參茸補腎丸
“C.K.” Shen Rong Bu Shen Wan","丸劑
成藥","適應症：氣血不足、脾胃虛弱、神困體倦、腰膝痠軟
效能：",『鹿茸、肉桂、菟絲子、枸杞子、杜仲、當歸、巴戟天、白芍、肉蓯蓉、熟地黃、山茱萸、白朮、茯神、懷牛膝、人參、甘草、蜂蜜』
不含禁用物質,,,衛署藥製      001267,"“順天堂”瞿麥濃縮顆粒
Chyumaih Extract Granules “Sun-Ten”","濃縮顆粒劑
調劑專用","適應症：小便不通、痛腫、婦女經閉。
效能：",『瞿麥』
不含禁用物質,,,衛署藥製      001268,"“順天堂”敗醬草濃縮顆粒
Baihchiangchao Extract Granules“Sun-Ten”","濃縮顆粒劑
調劑專用","適應症：清熱解毒、消腫排膿、行瘀
效能：",『敗醬草』
不含禁用物質,,,衛署藥製      001269,"“順天堂”萊菔子濃縮顆粒
Laifutzu Extract Granules""Sun-Ten""","濃縮顆粒劑
調劑專用","適應症：咳嗽、痰喘、食積
效能：",『萊菔子』
不含禁用物質,,,衛署藥製      001270,"“順天堂”紫蘇子濃縮顆粒
Sutzu Extract Granules""Sun-Ten""","濃縮顆粒劑
調劑專用","適應症：止咳平喘、下氣消痰、利膈寬腸
效能：",『紫蘇子』
不含禁用物質,,,衛署藥製      001271,"“順天堂”紫花地丁濃縮顆粒
Tsi Ha Dih Ding Extract Granules ""Sun-Ten""","濃縮顆粒劑
調劑專用","適應症：清熱解毒、消癰腫
效能：",『紫花地丁』
不含禁用物質,,,衛署藥製      001272,"“順天堂”鎖陽濃縮顆粒
Suou Yang Extract Granules ""Sun Ten""","濃縮顆粒劑
調劑專用","適應症：陽萎、便秘、腰膝痿弱。
效能：",『鎖陽』
麻黃,S6興奮劑,"賽內之麻黃鹼尿液中濃度超過以下閾值則視為使用禁用物質：
去甲假麻黃鹼 (CATHINE) 5 MCG/ML
麻黃鹼 (EPHEDRINE) 10 MCG/ML
甲基麻黃鹼 (METHYLEPHEDRINE) 10 MCG/ML
假麻黃鹼 (PSEUDOEPHEDRINE) 150 MCG/ML",衛署成製      001272,"”順安”建神麴
Chien Shen Ch’u“Shun An”","塊劑
成藥","適應症：解表、消積、行痰、調胃、健脾、止瀉、感冒、頭痛、嘔噁、吞酸、食滯
效能：",『川厚朴、前胡、枳實、麻黃、廣皮、廣木香、香附、大腹皮、川芎、半夏、白朮、羌活、烏藥、藿香、木瓜、萊菔子、青皮、紫蘇葉、木通、沈香、杏仁、甘草、檳榔、薄荷、香薷、紫蘇子、麥芽、葛根、蒼朮、澤瀉、白芷、檀香、榖芽、茯苓皮、獨活、白芥子、砂仁、山楂肉、柴胡、生薑汁、豬苓、丁香、秦艽、桔梗、防風、白豆蔻、草果仁、荊芥、麵糊』
不含禁用物質,,,衛署藥製      001273,"“順天堂”漏蘆濃縮顆粒
Loulu Extract Granules “Sun-Ten”","濃縮顆粒劑
調劑專用","適應症：清熱解毒、消瘡腫、下乳汁
效能：",『漏蘆』
不含禁用物質,,,衛署藥製      001274,"“順天堂”龍眼花濃縮顆粒
Lungyanghua Extract Granules “Sun-Ten”","濃縮顆粒劑
調劑專用","適應症：利尿、治腎臟病、婦人帶下
效能：",『龍眼花』
不含禁用物質,,,衛署成製      001274,"“東陽”知蘗八味丸
Diplay Yrameiwan""Tong Yang""","丸劑
成藥","適應症：頭暈耳鳴、舌燥咽痛、腰脊酸痛
效能：滋陰降火",『熟地黃、山茱萸、山藥、牡丹皮、茯苓、澤瀉、知母、黃柏、蜂蜜』
不含禁用物質,,,衛署成製      001275,"“東陽”六味地黃丸
Rik Miziouganwan""Tong Yang""","丸劑
成藥","適應症：肝腎不足、腰痛足痠、頭暈目眩、消渴、舌燥喉痛、足跟作痛。
效能：滋陰補腎",『熟地黃、山茱萸、山藥、牡丹皮、茯苓、澤瀉、蜂蜜』
不含禁用物質,,,衛署藥製      001275,"“順天堂”橘紅濃縮顆粒
Tsi Hong Extract Granules ""Sun-Ten""","濃縮顆粒劑
調劑專用","適應症：痰嗽、胸膈脹悶、嘔吐、噫氣
效能：",『橘紅』
不含禁用物質,,,衛署藥製      001277,"寶泰隆苑志紫金錠
PAO CH’IN LUNG YUAN CHIH TZU CHIN TING","錠劑
須由中醫師處方使用","適應症：痧脹。
效能：",『山慈姑、五倍子、大戟、白檀香、安息香、蘇合油、千金子、明雄黃、琥珀、冰片、糯米汁、飛金』
不含禁用物質,,,衛署藥製      001278,"“順天堂”豬膽濃縮顆粒
Tsudan Extract Granules“Sun-Ten”","濃縮顆粒劑
調劑專用","適應症：健胃、鎮痙、利膽、解毒
效能：",『豬膽』
不含禁用物質,,,衛署藥製      001279,"“順天堂”白雞冠花濃縮顆粒
Baichiquanhua Extract Granules ""Sun-Ten""","濃縮顆粒劑
調劑專用","適應症：痔漏下血、婦女帶下、痢疾
效能：",『白雞冠花』
不含禁用物質,,,衛署藥製      001281,"“順天堂”蒼耳子濃縮顆粒
Chang Er Tzu Extract Granules ""Sun-Ten""","濃縮顆粒劑
調劑專用","適應症：發汗通竅、散風去濕
效能：",『蒼耳子』
不含禁用物質,,,衛署藥製      001282,"“順天堂”蒺藜濃縮顆粒
Chi Li Extract Granules ""Sun-Ten""","濃縮顆粒劑
調劑專用","適應症：補益肝腎、固精明目
效能：",『蒺藜』
不含禁用物質,,,衛署成製      001293,"“鐵牛”風濕膏藥膠布（去麝香）
FENG SHIH KAO ""T.N.""","藥膠布劑
成藥","適應症：祛風散寒、通治痛風。
效能：",『薑汁、米醋、川椒、蔥汁、牙皂、沒藥、廣膠』
不含禁用物質,,,衛署成製      001295,"“鐵牛”滅痔丸
","丸劑
成藥","適應症：內痔、外痔出血、脫肛等症。
效能：",『當歸末、甘草末、升麻末、大黃末、柴胡末、黃芩末、大棗末、蜂蜜』
不含禁用物質,,,衛署成製      001322,"“新喜”清腦丸
","丸劑
成藥","適應症：失眠多夢、安神寧腦。
效能：",『敗龜板、龍骨、遠志、節菖蒲、茯神、人參、丹參、川芎、當歸、柏子仁、蜂蜜』
不含禁用物質,,,衛署成製      001323,"“新喜”安嗽丸
","丸劑
成藥","適應症：咽喉腫痛、化痰止嗽、清音、寬膈。
效能：",『薄荷、川貝母、桔梗、柿霜、元明粉、甘草、杏仁、冰糖、蜂蜜』
不含禁用物質,,,衛署成製      001332,"“泰吉”加味五淋丸
","丸劑
成藥","適應症：小便不利、煩渴、臍下悸。
效能：",『山茵陳、淡竹葉、木通、滑石、甘草、山梔仁、赤芍、茯苓、豬苓、白朮、澤瀉、肉桂、蜂蜜』
不含禁用物質,,,衛署成製      001336,"”泰吉”風濕丸（上中下通用痛風丸）
","丸劑
成藥","適應症：感受風寒溼邪、挾痰熱、血脈不暢、骨節疼痛。
效能：疏風祛痰、清熱燥溼、活血止痛。",『黃柏、蒼朮、天南星、神？、川芎、桃仁、龍膽、防己、白芷、羌活、威靈仙、桂枝、紅花、蜂蜜』
不含禁用物質,,,衛署藥製      001356,"“順天堂”通草濃縮顆粒
Tonchao Extract Granules“Sun-Ten”","濃縮顆粒劑
調劑專用","適應症：水腫、利尿、浮腫、乳汁不足
效能：",『通草』
不含禁用物質,,,衛署藥製      001357,"“順天堂”覆盆子濃縮顆粒
Fuperntzu Extract Granules“Sun-Ten”","濃縮顆粒劑
調劑專用","適應症：陽萎、遺尿、收斂
效能：",『覆盆子』
不含禁用物質,,,衛署成製      001364,"“勝利”滋陰降火丸
","丸劑
成藥","適應症：滋陰降火、腰骨足痠、耳鳴、頭暈、舌燥咽痛。
效能：",『熟地黃、山茱萸、乾山藥、牡丹皮、茯苓、澤瀉、知母、黃柏、麥門冬、玄參、蜂蜜』
不含禁用物質,,,衛署成製      001368,"“東陽”血平通丸
Shieepyngtong Tong Wan""Tong-Yang""","丸劑
成藥","適應症：頭暈面赤、腹脹便秘。
效能：",『柴胡、大黃、枳實、半夏、黃芩、白芍、生薑、大棗、夏枯草、杜仲、黃連、蜂蜜』
麻黃,S6興奮劑,"賽內之麻黃鹼尿液中濃度超過以下閾值則視為使用禁用物質：
去甲假麻黃鹼 (CATHINE) 5 MCG/ML
麻黃鹼 (EPHEDRINE) 10 MCG/ML
甲基麻黃鹼 (METHYLEPHEDRINE) 10 MCG/ML
假麻黃鹼 (PSEUDOEPHEDRINE) 150 MCG/ML",衛署成製      001370,"“南美”防風通聖丸
","丸劑
成藥","適應症：表裏三焦俱實、大便祕結、小便短赤、瘡瘍腫毒。
效能：解表通裡、疏風清熱。",『防風、荊芥、連翹、麻黃、薄荷、川芎、當歸、白芍、白朮、梔子、大黃、芒硝、黃芩、石膏、桔梗、甘草、滑石、蜂蜜』
不含禁用物質,,,衛署藥製      001391,"寶泰隆苑志牛黃清心丸（去麝香、去羚羊角、去犀角）
","丸劑
須由中醫師處方使用","適應症：溫熱症引起之（緩縱不遂、言蹇心悸、眩冒煩鬱、痰涎壅塞、心神不安、小兒驚風）
效能：",『牛黃、柴胡、桔梗、川芎、茯苓、杏仁、白芍、麥門冬、黃芩、當歸、防風、白朮、神麴、蒲黃、人參、龍腦、肉桂、大豆黃卷、阿膠、白蘞、乾薑、雄黃、金箔、甘草、山藥、大棗、精製蜂蜜』
不含禁用物質,,,衛署成製      001417,"“南都”溫經湯
Wen Ching Tang ""N.T.""","碎片劑
成藥","適應症：經來腹痛、經前腹痛、經後腹痛、子宮虛冷、氣血虛弱、腰痠背痛。
效能：",『當歸、川芎、白芍、甘草、人參、肉桂、吳茱萸、牡丹皮、阿膠、半夏、香附』
不含禁用物質,,,衛署成製      001424,"“南都”八珍丸（減味）
Pajune Pill ""N.T.""","丸劑
成藥","適應症：氣血兩虧、神疲力弱、食慾不振、肌肉消瘦。
效能：",『人參、白朮、茯苓、甘草、當歸、熟地黃、白芍、川芎、蜂蜜』
不含禁用物質,,,衛署成製      001434,"“東陽”鼻清丸
","丸劑
成藥","適應症：鼻塞、流鼻水。
效能：",『辛夷、%本、防風、白芷、木通、細辛、川芎、甘草、升麻、葛根、款冬花、蒼耳子、蜂蜜』
不含禁用物質,,,衛署成製      001445,"雙燕牌人參安腦丸
","丸劑
成藥","適應症：心神不寧、精神恍惚、思慮勞神、健腦、失眠
效能：",『人參、龜板、遠志、蓮心、棗仁、甘草、生地、龍骨、節菖蒲、茯神、麥冬、川芎、蜂蜜』
不含禁用物質,,,衛署成製      001451,"“海燕牌”便順丸（三黃瀉心湯）
","丸劑
成藥","適應症：三焦實熱、口舌生瘡、吐血衄血、胸膈煩熱、大便秘結、小便赤澀。
效能：瀉火解毒。",『黃連、大黃、黃芩、蜂蜜』
不含禁用物質,,,衛署成製      001453,"“金錢猴”佰仙散
","散劑
成藥","適應症：胃痛、腹痛、瀉痢、胃酸過多、消化不良。
效能：",『香附、砂仁、厚朴、蒼朮、陳皮、枳殼、山楂、木香、甘草、薄荷、黃連、茯苓、白朮』
不含禁用物質,,,衛署成製      001455,"海燕牌風濕丸
","丸劑
成藥","適應症：筋骨疼痛、手足拘牽、麻木不仁、諸風癱瘓、風濕、腰膝痛、神經痛。
效能：",『人參、龜板、遠志、蓮心、棗仁、甘草、生地、龍骨、節菖蒲、茯神、麥冬、川芎、蜂蜜』
不含禁用物質,,,衛署成製      001478,"“領先”梔子金花丸
","丸劑
成藥","適應症：口燥咽乾、小便赤澀、大便祕結。
效能：",『梔子、黃柏、黃芩、黃連、大黃、蜂蜜』
麻黃,S6興奮劑,"賽內之麻黃鹼尿液中濃度超過以下閾值則視為使用禁用物質：
去甲假麻黃鹼 (CATHINE) 5 MCG/ML
麻黃鹼 (EPHEDRINE) 10 MCG/ML
甲基麻黃鹼 (METHYLEPHEDRINE) 10 MCG/ML
假麻黃鹼 (PSEUDOEPHEDRINE) 150 MCG/ML",衛署成製      001485,"”中美”寧嗽散
Ninsu Powders ""C.M""","散劑
成藥","適應症：鎮嗽、化痰
效能：",『桔梗、枳殼、半夏、陳皮、前胡、乾葛、茯苓、紫蘇、麻黃、杏仁、桑白皮、甘草』
不含禁用物質,,,衛署成製      001489,"“勝昌”還少丸
Huan Shao Wan ""Sheng Chang""","丸劑
成藥","適應症：脾腎虛寒、血氣虛損、體虛盜汗、遺精尿濁。
效能：補心腎脾胃虛損。",『山藥、牛膝、茯苓、山茱萸、楮實、杜仲、五味子、巴戟天、肉蓯蓉、遠志、小茴香、石菖蒲、熟地黃、枸？子、大棗、蜂蜜』
不含禁用物質,,,衛署成製      001490,"”勝昌”附子理中丸
Fu Zi Li Zhong Wan ""Sheng Chang""","丸劑
成藥","適應症：脾胃虛寒、飲食不化、四肢厥冷、腸鳴腹痛、嘔吐泄瀉。
效能：溫中散寒。",『人參、炮附子、炮乾薑、炙甘草、白朮、蜂蜜』
不含禁用物質,,,衛署成製      001491,"“勝昌”補腎丸
","丸劑
成藥","適應症：陰虛火旺、頭暈目眩。
效能：滋腎陰。",『熟地黃、山茱萸肉、山藥、牡丹皮、茯苓、澤瀉、五味子、麥門冬、蜂蜜』
不含禁用物質,,,衛署成製      001492,"“勝昌”固精丸
","丸劑
成藥","適應症：滑精、盜汗虛煩。
效能：固澀。",『沙苑蒺藜、芡實、蓮鬚、龍骨、牡蠣、蓮肉』
不含禁用物質,,,衛署成製      001494,"“勝昌”？菊地黃丸
","丸劑
成藥","適應症：肝腎陰虛、頭暈目眩、視物不清、眼睛澀痛、迎風流淚。
效能：滋腎養肝。",『枸杞子、甘菊花、熟地黃、山茱萸、山藥、茯苓、牡丹皮、澤瀉、蜂蜜』
不含禁用物質,,,衛署成製      001495,"“勝昌”四神丸
Syhshyun Pill “Sheng Chang”","丸劑
成藥","適應症：五更泄瀉、不思飲食、久痢虛痛、腰痠肢冷。
效能：",『肉豆蔻、五味子、補骨脂、吳茱萸、生薑、紅棗』
不含禁用物質,,,衛署成製      001496,"“勝昌”天王補心丹
T.O. Pushing Pill ""Sheng Chang""","丸劑
成藥","適應症：思慮過度、神志不寧、咽乾口燥、健忘怔忡、口舌生瘡、心悸失眠。
效能：寧心、化痰涎、袪煩熱、滋陰養血。",『生地黃、熟地黃、人參、遠志、石菖蒲、元參、柏子仁、桔梗、天門冬、丹參、酸棗仁、麥門冬、黃連、茯神、當歸、五味子、蜂蜜』
不含禁用物質,,,衛署成製      001497,"“勝昌”知柏地黃丸
Zhi Bai Di Huang Wan ""Sheng Chang""","丸劑
成藥","適應症：頭暈耳鳴、舌燥咽痛、腰脊痰痛。
效能：滋陰降火。",『熟地黃、山茱萸、茯苓、山藥、牡丹皮、澤瀉、知母、黃柏、蜂蜜』
不含禁用物質,,,衛署成製      001498,"”勝昌”八味地黃丸
Ba Wei Di Huang Wan ""Sheng Chang""","丸劑
成藥","適應症：小便祕澀、尿多遺溺、嘔吐自汗。
效能：",『熟地黃、淮山藥、山茱萸肉、白茯苓、牡丹皮、澤瀉、肉桂、附子、蜂蜜』
不含禁用物質,,,衛署成製      001499,"”勝昌”六味地黃丸
Liu Wei Di Huang Wan ""Sheng Chang""","丸劑
成藥","適應症：肝腎不足、腰痛足痠、頭暈目眩、消渴、舌燥喉痛、足跟作痛。
效能：滋陰補腎。",『熟地黃、山茱萸、山藥、澤瀉、牡丹皮、茯苓、蜂蜜』
麻黃,S6興奮劑,"賽內之麻黃鹼尿液中濃度超過以下閾值則視為使用禁用物質：
去甲假麻黃鹼 (CATHINE) 5 MCG/ML
麻黃鹼 (EPHEDRINE) 10 MCG/ML
甲基麻黃鹼 (METHYLEPHEDRINE) 10 MCG/ML
假麻黃鹼 (PSEUDOEPHEDRINE) 150 MCG/ML",衛署成製      001514,"“三陽牌”十神散
","散劑
成藥","適應症：傷風感冒、頭痛、發熱、咳嗽
效能：",『麻黃、葛根、升麻、川芎、白芷、紫蘇葉、甘草、陳皮、香附、赤芍、乾薑、蔥白』
不含禁用物質,,,衛署成製      001555,"“得生”解毒丸
","丸劑
成藥","適應症：熱毒蘊積、口舌生瘡、頭面瘡癤、咽乾唇焦。
效能：",『生地黃、熟地黃、天門冬、麥門冬、玄參、元明粉、甘草、青黛、蜂蜜』
不含禁用物質,,,衛署成製      001558,"“中美”風濕膠囊
Fonsu capsules“C.M.”","膠囊劑
成藥","適應症：風濕痛、骨節酸痛、遍身走痛、風寒濕痹。
效能：",『續斷、萆蘚、牛膝、杜仲、木瓜、防風、獨活、苦蘵、番椒、荊芥、茴香、芳樟、扁柏』
不含禁用物質,,,衛署成製      001561,"“南都”補中益氣丸（減味）
Puzonyichii Pill ""N.T.""","丸劑
成藥","適應症：疲勞、口渴、食少無味、脾胃虛弱、元氣不足。
效能：",『黃耆、人參、甘草、當歸、橘皮、升麻、柴胡、白朮、蜂蜜』
麻黃,S6興奮劑,"賽內之麻黃鹼尿液中濃度超過以下閾值則視為使用禁用物質：
去甲假麻黃鹼 (CATHINE) 5 MCG/ML
麻黃鹼 (EPHEDRINE) 10 MCG/ML
甲基麻黃鹼 (METHYLEPHEDRINE) 10 MCG/ML
假麻黃鹼 (PSEUDOEPHEDRINE) 150 MCG/ML",衛署藥製      001566,"“順天堂”麻黃根濃縮顆粒
Mahuanggen Extract Granules ""Sun-Ten""","濃縮顆粒劑
調劑專用","適應症：自汗、盜汗
效能：",『麻黃根』
不含禁用物質,,,衛署成製      001567,"“正和”滋陰降火丸
","丸劑
成藥","適應症：滋陰降火、腰痛足痠、舌燥咽痛。
效能：",『熟地黃、山茱萸、山藥、牡丹皮、茯苓、澤瀉、知母、黃柏、麥門冬、玄參、蜂蜜』
不含禁用物質,,,衛署成製      001573,"“一安堂”健胃散
","散劑
成藥","適應症：飲食少思、慢性胃炎、消化不良。
效能：",『人參、白朮、茯苓、甘草、生薑、紅棗、半夏、陳皮、香附、蕾香、砂仁』
不含禁用物質,,,衛署成製      001584,"”勝昌”十全大補丸
Shi Quan Da Bu Wan ""Sheng Chang""  ","丸劑
成藥","適應症：氣血兩虛、肢體倦怠。
效能：補血益氣。",『茯苓、白朮、人參、熟地黃、白芍、炙甘草、黃耆、肉桂、當歸、川芎、蜂蜜』
不含禁用物質,,,衛署藥製      001587,"“順天堂”狗脊濃縮顆粒
Qouchi Extract Granules“Sun-Ten”","濃縮顆粒劑
調劑專用","適應症：補肝腎、袪風濕、腰背痠痛、膝痛腳弱寒濕
效能：",『狗脊』
不含禁用物質,,,衛署藥製      001588,"“順天堂”黃精濃縮顆粒
Huang Ching Extract Granules ""Sun Ten""","濃縮顆粒劑
調劑專用","適應症：虛弱、乾咳、口渴。
效能：",『黃精』
不含禁用物質,,,衛署成製      001609,"“正和”天麻丸
","丸劑
成藥","適應症：肩痛背痛、四肢疼痛、筋脈拘攣。
效能：",『天麻、牛膝、萆薢、元參、羌活、獨活、杜仲、附子、當歸、生地黃、蜂蜜』
不含禁用物質,,,衛署成製      001610,"“正和”獨活寄生丸
","丸劑
成藥","適應症：風寒溼痹、腰膝冷痛、腳足屈伸不利。
效能：祛風濕、止痹痛、補氣血。",『獨活、當歸、桑寄生、杜仲、牛膝、人參、秦艽、茯苓、防風、細辛、桂心、白芍、川芎、熟地黃、甘草、蜂蜜』
不含禁用物質,,,衛署成製      001617,"“明通”治傷藥洗液
Jyh Shang Yaw Shii ""Min Tong""","外用液劑
成藥","適應症：跌打損傷、活血止痛。
效能：",『番木鱉、紅花、生半夏、骨碎補、甘草、蔥鬚、水、醋、95%酒精、水、Sodium benzoate』
不含禁用物質,,,衛署成製      001624,"“明通”蓮子清心飲濃縮散
LiantzyyChingshinIn Conc. Powder ""MIN TONG""","濃縮散劑
成藥","適應症：小便混濁、遺精。
效能：",『石蓮肉、地骨皮、車前子、人參、黃耆、茯苓、柴胡、黃芩、麥門冬、甘草、澱粉』
不含禁用物質,,,衛署成製      001657,"“厚昇”厚升保肝滋腎丸
PFOSHEN Bau Gan Tz Sheng Pill“PFOSHEN”","丸劑
成藥","適應症：肝腎不足、腰痠足痛、頭暈目眩、消渴、舌燥喉痛、足跟作痛。
效能：滋陰補腎。",『熟地黃、山茱萸、山藥、澤瀉、牡丹皮、茯苓、蜂蜜』
不含禁用物質,,,衛署成製      001658,"”港香蘭”杞菊地黃丸
Qi Ju Di Huang Wan“KAISER”","丸劑
成藥","適應症：肝腎陰虛、頭暈目眩、視物不清、眼睛澀痛、迎風流淚。
效能：滋腎養肝。",『枸？子、甘菊花、熟地黃、山茱萸、山藥、茯苓、牡丹皮、澤瀉、蜂蜜』
不含禁用物質,,,衛署成製      001668,"“沈長泉”六味地黃丸
","丸劑
成藥","適應症：肝腎不足、腰痛足痠、頭暈目眩、消渴、舌燥喉痛、足跟作痛。
效能：滋陰補腎。",『熟地黃、山茱萸、山藥、澤瀉、牡丹皮、茯苓、蜂蜜』
不含禁用物質,,,衛署成製      001670,"“港香蘭”六味地黃丸
","丸劑
成藥","適應症：肝腎不足、腰痛足痠、頭暈目眩、消渴、舌燥喉痛、足跟作痛。
效能：滋陰補腎。",『熟地黃、山藥、山茱萸、牡丹皮、茯苓、澤瀉、蜂蜜』
不含禁用物質,,,衛署成製      001673,"“中美”滋肝顧腎丸（六味地黃丸）
","丸劑
成藥","適應症：肝腎不足、腰痛足痠、頭暈目眩、消渴、舌燥喉痛、足跟作痛。
效能：滋陰補腎。",『熟地黃、山茱萸、山藥、牡丹皮、茯苓、澤瀉、蜂蜜』
不含禁用物質,,,衛署成製      001674,"“得生”風濕丸
","丸劑
成藥","適應症：風濕痛、神經痛
效能：",『黃、蒼朮、天南星、神麴、川芎、桃仁、龍膽草、防己、白芷、羌活、威靈仙、桂枝、秦艽、桑寄生、蜂蜜』
不含禁用物質,,,衛署成製      001677,"”晉安”六味地黃丸
Liow Wey Dih Hwang Wan Pill ""C.A.""","丸劑
成藥","適應症：肝腎不足、腰痛足痠、頭暈目眩、消渴、舌燥喉痛、足跟作痛。
效能：滋陰補腎。",『熟地黃、山茱萸、山藥、澤瀉、牡丹皮、茯苓、蜂蜜』
不含禁用物質,,,衛署成製      001679,"”正和”當歸龍薈丸（去麝香）
","丸劑
成藥","適應症：肝膽火旺、驚悸不寧、大便秘結。
效能：瀉肝膽實火、通便。",『當歸、龍膽、蘆薈、山梔子、黃連、黃芩、黃柏、大黃、木香、青黛、蜂蜜』
不含禁用物質,,,衛署成製      001685,"“晉安”黃連解毒丸
","丸劑
成藥","適應症：降火熱、咽乾、解毒。
效能：",『黃連、黃芩、黃柏、梔子、蜂蜜』
不含禁用物質,,,衛署成製      001692,"“晉安”人參敗毒散
","散劑
成藥","適應症：咳嗽聲重、鼻塞
效能：",『人參、羌活、獨活、柴胡、川芎、枳殼、桔梗、赤茯苓、乾薑、薄荷、甘草、前胡』
不含禁用物質,,,衛署成製      001708,"“百仙”枇杷膏
","膏劑
成藥","適應症：咳嗽、化痰。
效能：",『枇杷葉、鮮梨、白蜂蜜、大紅棗、蓮子、砂糖』
不含禁用物質,,,衛署藥製      001710,"“順天堂”車前草濃縮顆粒
Cherchianchao Extract Granules ""Sun-Ten""","濃縮顆粒劑
調劑專用","適應症：利尿、咳嗽、清熱、解毒。
效能：",『車前草』
不含禁用物質,,,衛署藥製      001711,"“順天堂”益智仁濃縮顆粒
Yitsihjen Extract Granules“Sun-Ten”","濃縮顆粒劑
調劑專用","適應症：補腎固精、溫脾止瀉、收歛
效能：",『益智仁』
不含禁用物質,,,衛署藥製      001712,"“順天堂”番麥鬚濃縮顆粒
Fanmaihshi Extract Granules“Sun-Ten”","濃縮顆粒劑
調劑專用","適應症：水腫、利尿、小便濇痛、高血壓之利尿
效能：",『番麥鬚』
不含禁用物質,,,衛署成製      001712,"“得生”參苓白朮散
","散劑
成藥","適應症：脾胃虛弱、食少便溏
效能：補氣健脾，滲溼和胃",『人參、茯苓、白朮、山藥、蓮子肉、白扁豆、桔梗、砂仁、薏苡仁、甘草』
不含禁用物質,,,衛署成製      001714,"“港香蘭”知柏地黃丸
","丸劑
成藥","適應症：頭暈耳鳴、舌燥咽痛、腰脊痠痛。
效能：滋陰降火。",『熟地黃、山茱萸、山藥、牡丹皮、茯苓、澤瀉、知母、黃柏、蜂蜜』
不含禁用物質,,,衛署成製      001715,"“港香蘭”五苓散
","散劑
成藥","適應症：小便不利、消渴
效能：",『澤瀉、豬苓、茯苓、白朮、桂枝』
不含禁用物質,,,衛署成製      001728,"“救人堂”尿泌清散（五苓散）
","散劑
成藥","適應症：內停水濕、外有表證、小便不利、煩渴欲飲、水入即吐、泄瀉。
效能：化氣利水、健脾袪濕。",『白朮、豬苓、茯苓、澤瀉、桂枝』
不含禁用物質,,,衛署成製      001729,"“明通”六一散
Liow I San","散劑
成藥","適應症：中暑、嘔吐、泄瀉。
效能：",『滑石、甘草』
不含禁用物質,,,衛署成製      001730,"“明通”辛夷散
","散劑
成藥","適應症：感冒初期引起之鼻塞不通、鼻流清涕。
效能：散風寒、袪濕邪、通鼻竅。",『辛夷、白芷、升麻、？本、防風、川芎、細辛、木通、甘草、茶葉』
不含禁用物質,,,衛署成製      001731,"“明通”金葫蘆愛兒采散（參苓白朮散）
Shen Ling Bai Zhu San ""MIN TONG""","散劑
成藥","適應症：脾胃虛弱、食少便溏。
效能：補氣健脾、滲溼和胃。",『白扁豆、人參、茯苓、白朮、甘草、山藥、蓮子肉、桔梗、薏苡仁、砂仁』
不含禁用物質,,,衛署成製      001748,"“順安”柏子養心丸
","丸劑
成藥","適應症：心血虧損、怔忡驚悸
效能：寧心定志、滋陰補腎",『柏子仁、枸杞子、麥門冬、當歸、石菖蒲、茯神、玄參、熟地黃、甘草、蜂蜜』
不含禁用物質,,,衛署成製      001755,"“正和”固精丸
","丸劑
成藥","適應症：真元不固、濕熱性遺精。
效能：固精、益氣。",『當歸、熟地黃、生山藥、人參、白朮、茯苓、鎖陽、牡蠣、蛤粉、黃柏、知母、杜仲、椿根皮、破故紙、蜂蜜』
不含禁用物質,,,衛署成製      001790,"富乳丸
FURUWANG","丸劑
成藥","適應症：產後強身補血、促進乳汁分泌。
效能：",『鹿茸、當歸、黃耆、白芷、川木通、蜂蜜』
不含禁用物質,,,衛署成製      001792,"“久松”健脾散
","散劑
成藥","適應症：脾胃虛弱、飲食不化、脘腹脹滿。
效能：益氣健脾、和胃消食。",『白朮、木香、黃連、甘草、茯苓、人參、神麴、陳皮、砂仁、麥芽、山楂、山藥、肉豆蔻』
不含禁用物質,,,衛署成製      001794,"“久松”調經種子丸
MENSES PILL C.S.","丸劑
成藥","適應症：婦人血虛氣滯、腰痠腹痛、經水不調、赤白帶下。
效能：",『熟地黃、杜仲、香附、川芎、當歸、續斷、艾葉、黃芩、阿膠、白芍、益母草、蜂蜜』
不含禁用物質,,,衛署成製      001796,"“久松”參茸固本丸
","丸劑
成藥","適應症：元氣不足、腰痛耳鳴、四肢痠軟。
效能：",『人參、枸杞子、鹿茸、巴戟肉、白芍、菟絲子、小茴香、山藥、陳皮、茯神、白朮、肉蓯蓉、黃耆、熟地黃、懷牛膝、甘草、肉桂、蜂蜜』
不含禁用物質,,,衛署成製      001797,"“久松”風濕丸
","丸劑
成藥","適應症：腰腿拘急、筋骨攣痛。
效能：",『桑寄生、獨活、秦艽、防風、細辛、川芎、當歸、白芍、熟地黃、桂心、茯苓、杜仲、牛膝、人參、甘草、天麻、蜂蜜』
不含禁用物質,,,衛署成製      001798,"“久松”龍膽瀉肝丸
","丸劑
成藥","適應症：臟腑積熱、耳鳴耳聾、耳腫疼痛、小便澀滯。
效能：瀉肝火、利濕熱。",『龍膽、山梔子、木通、當歸、柴胡、黃芩、澤瀉、車前子、生地黃、甘草、蜂蜜』
不含禁用物質,,,衛署成製      001799,"“久松”益母丸
","丸劑
成藥","適應症：氣血兩虛、月經不調、赤白帶下。
效能：",『益母草、人參、白朮、茯苓、當歸、甘草、川芎、白芍、熟地黃、蜂蜜』
不含禁用物質,,,衛署成製      001820,"”泰吉”消痔丸
","丸劑
成藥","適應症：痔瘡、痔漏、便秘。
效能：",『生地黃、茯苓、金銀花、枳殼、秦艽、防風、大黃、當歸、蒼朮、地榆、槐角、赤芍、羌活、蜂蜜』
不含禁用物質,,,衛署成製      001823,"“港香蘭”治濁固本丸
","丸劑
成藥","適應症：溼熱下注、頻尿白濁。
效能：清熱、利濕。",『蓮鬚、黃連、茯苓、砂仁、益智仁、半夏、黃柏、炙甘草、豬苓、蜂蜜』
不含禁用物質,,,衛署成製      001825,"“晉安”潤腸丸
","丸劑
成藥","適應症：便秘
效能：",『大黃、當歸尾、羌活、桃仁、大麻仁、蜂蜜』
麻黃,S6興奮劑,"賽內之麻黃鹼尿液中濃度超過以下閾值則視為使用禁用物質：
去甲假麻黃鹼 (CATHINE) 5 MCG/ML
麻黃鹼 (EPHEDRINE) 10 MCG/ML
甲基麻黃鹼 (METHYLEPHEDRINE) 10 MCG/ML
假麻黃鹼 (PSEUDOEPHEDRINE) 150 MCG/ML",衛署成製      001826,"“中美”十神湯碎片劑
","碎片劑
成藥","適應症：感冒風寒、咳嗽喘急
效能：",『川芎、白芷、麻黃、紫蘇、陳皮、香附、赤芍、升麻、葛根、甘草、薑』
不含禁用物質,,,衛署成製      001827,"“樂標”消痔丸
Shiau Jyh Pills ""Chang Lo Trade Mark""","丸劑
成藥","適應症：大腸火盛、痔漏、痔瘡。
效能：",『槐角、枳殼、當歸、地榆、防風、黃芩』
不含禁用物質,,,衛署藥製      001835,"“順天堂”五倍子濃縮顆粒
Wubeihtzu Extract Granules ""Sun-Ten""","濃縮顆粒劑
調劑專用","適應症：久瀉、脫肛、崩漏、收歛。
效能：",『五倍子』
不含禁用物質,,,衛署成製      001842,"”晉安”十全大補丸
Shyr Chyuan Dah Buu Wan ""C.A.""","丸劑
成藥","適應症：氣血兩虛、肢體倦怠。
效能：補血益氣。",『茯苓、白朮、人參、熟地黃、白芍、炙甘草、黃耆、肉桂、當歸、川芎、蜂蜜』
不含禁用物質,,,衛署成製      001843,"“晉安”鼻通丸
","丸劑
成藥","適應症：感冒初期引起之流鼻水、鼻塞不通、鼻炎
效能：",『辛夷、白芷、升麻、%本、防風、川芎、細辛、木通、甘草、蜂蜜』
不含禁用物質,,,衛署成製      001861,"“生春”萬能油軟膏
BANLENGYU","軟膏劑
乙類成藥","適應症：中暑、暈車、暈船。
效能：",『石蠟、精製樟腦、椰子油、薄荷油、桂皮油、冬綠油、白軟石蠟、薄荷腦、白蠟油、丁香油、龍腦』
不含禁用物質,,,衛署成製      001870,"“樂標”風濕活絡丸
Rheumatic Pills ""Chang Lo Trade Mark""","丸劑
成藥","適應症：新久風濕、四肢酸痛、關節炎腫、骨節疼痛。
效能：",『人參、三七、桂心、焦白朮、當歸身、白芍、五加皮、防風、懷牛膝、木瓜、豨薟草、蜂蜜』
不含禁用物質,,,衛署成製      001878,"“港香蘭”蒼耳散
Tsang Erh San“Kang Hsiang Lan”","散劑
成藥","適應症：鼻塞、流涕不止、鼻炎
效能：",『白芷、辛夷、薄荷、蒼耳子』
不含禁用物質,,,衛署成製      001879,"“港香蘭”補腎丸
","丸劑
成藥","適應症：陰虛火旺、頭暈目眩。
效能：滋腎陰",『熟地黃、山茱萸、淮山藥、牡丹皮、茯苓、澤瀉、五味子、麥門冬、蜂蜜』
不含禁用物質,,,衛署成製      001904,"“萬國”健胃散
JIANN WEY POWER ""W.K""","散劑
成藥","適應症：脾胃處弱、飲食不進、胸中痞滿、大便不實。
效能：",『人參、白朮、茯苓、山藥、當歸、半夏、藿香、砂仁、黃連、蓮肉、陳皮、甘草』
麻黃,S6興奮劑,"賽內之麻黃鹼尿液中濃度超過以下閾值則視為使用禁用物質：
去甲假麻黃鹼 (CATHINE) 5 MCG/ML
麻黃鹼 (EPHEDRINE) 10 MCG/ML
甲基麻黃鹼 (METHYLEPHEDRINE) 10 MCG/ML
假麻黃鹼 (PSEUDOEPHEDRINE) 150 MCG/ML",衛署成製      001906,"“萬國”神麴
","塊劑
成藥","適應症：解表、消積、行痰、調胃、健脾止瀉、嘔噁、吞酸、食滯。
效能：",『厚朴、前胡、枳實、麻黃、廣皮、廣木香、大腹皮、川芎、半夏、白朮、羌活、藿香、木瓜、萊菔子、青皮、紫蘇、木通、沈香、杏仁、香附、檳榔、薄荷、香薷、蘇子、麥芽、葛根、蒼朮、澤瀉、檀香、穀牙、茯苓皮、獨活、白芥子、砂仁、山查肉、柴胡、豬苓、丁香、秦艽、桔梗、防風、白豆蔻、草果仁、荊芥、烏藥、甘草、白芷、生薑汁、麵糊』
不含禁用物質,,,衛署成製      001910,"“港香蘭”香砂平胃散
","散劑
成藥","適應症：食鬱、飽悶、噯氣、食慾不振
效能：",『蒼朮、厚朴、陳皮、香附、砂仁、枳殼、山楂、麥芽、神麴、乾薑、木香、甘草、萊菔子』
不含禁用物質,,,衛署成製      001917,"“樂標”八珍益母丸
","丸劑
成藥","適應症：氣血兩虛、月經不調、赤白帶下。
效能：",『益母草、人參、白朮、茯苓、當歸、甘草、川芎、白芍藥、熟地黃、蜂蜜』
不含禁用物質,,,衛署成製      001937,"“萬國”還少丸
","丸劑
成藥","適應症：脾胃虛寒、血氣虛損、體虛盜汗、遺精尿濁。
效能：補心腎脾胃虛損。",『山藥、牛膝、茯苓、山茱萸、楮實、杜仲、五味子、巴戟天、肉蓯蓉、遠志、小茴香、石菖蒲、熟地黃、枸？子、大棗、蜂蜜』
不含禁用物質,,,衛署成製      001949,"“福隆興”固本丸
","丸劑
成藥","適應症：元氣不足、腰痛耳鳴、四肢痠軟、頭暈目眩、氣血衰弱
效能：",『人參、枸杞子、鹿茸、巴戟肉、白芍、菟絲子、小茴香、山藥、陳皮、蜂蜜、茯神、白朮、肉蓯蓉、黃耆、熟地黃、懷牛膝、甘草、肉桂』
不含禁用物質,,,衛署成製      001950,"“南都”枇杷膏
Piparkao〝N.T.〞","膏滋劑
成藥","適應症：勞傷虛損、咳嗽化痰
效能：",『枇杷葉、鮮梨、白蜂蜜、大紅棗、建蓮肉、蒸餾水』
不含禁用物質,,,衛署成製      001951,"“南都”平胃散
","散劑
成藥","適應症：脾胃濕滯、不思飲食、心腹脹痛、噯氣吞酸。
效能：",『厚樸、陳皮、甘草、蒼朮』
不含禁用物質,,,衛署成製      001954,"“三陽”傷風感冒飲
","散劑
成藥","適應症：風寒、感冒、發熱、咳嗽
效能：",『紫蘇、半夏、茯苓、枳殼、木香、大棗、前胡、葛根、陳皮、桔梗、甘草、乾薑』
不含禁用物質,,,衛署成製      001955,"“三陽牌”紫雲膏
GEN YEN OINTMENT SAN YANG PAI","油膏劑
成藥","適應症：濕疹、外傷、火傷
效能：",『胡麻油、當歸、紫根、黃蠟、豬油』
不含禁用物質,,,衛署成製      001971,"“三陽牌”還睛丸（去羚羊角）
","丸劑
成藥","適應症：久視目昏、視物昏花
效能：",『天門冬、麥門冬、生地黃、熟地黃、知母、人參、地骨皮、肉蓯蓉、牛膝、杜仲、石斛、杏仁、當歸、茯苓、山藥、菟絲子、黃柏、枳殼、甘菊花、防風、青葙子、草決明、白蒺藜、川芎、五味子、黃連、甘草、蜂蜜』
不含禁用物質,,,衛署成製      001972,"“港香蘭”還少丸
Huan Shao Wan“KAISER”","丸劑
成藥","適應症：脾腎虛寒、血氣虛損、體虛盜汗、遺精尿濁。
效能：補心腎脾胃虛損。",『山藥、懷牛膝、茯苓、山茱萸、楮實、杜仲、五味子、巴戟天、肉蓯蓉、遠志、小茴香、石菖蒲、熟地黃、枸？子、大棗、蜂蜜』
不含禁用物質,,,衛署成製      001977,"“忠山”鼻通丸
“JON SAN”PI TUNG WAN","丸劑
成藥","適應症：鼻炎、流鼻水、鼻塞。
效能：",『辛夷、荊芥、黃芩、神麴、天南星、半夏、白芷、蒼朮、川芎、菊花、薄荷、蜂蜜』
不含禁用物質,,,衛署成製      001978,"“忠山”龍膽瀉肝丸
“JON SAN”LUNG DAN HSIEH KAN WAN","丸劑
成藥","適應症：臟腑積熱、耳鳴耳聾、耳腫疼痛、小便澀滯。
效能：瀉肝火、利溼熱。",『龍膽、柴胡、澤瀉、車前子、木通、生地黃、當歸、梔子、黃芩、甘草、蜂蜜』
不含禁用物質,,,衛署成製      001984,"“忠山”開脾丸
“JON SAN”KAI PI WAN","丸劑
成藥","適應症：食積、嘔吐、噦逆、消化不良、開脾健胃。
效能：",『山楂、半夏、橘紅、神麴、麥芽、茯苓、連翹、萊菔子、黃連、蜂蜜』
不含禁用物質,,,衛署成製      001985,"“金山牌”黃連解毒丸
","丸劑
成藥","適應症：表裏俱盛、口燥咽乾、天熱引起之乾嘔、小便赤澀、大便秘結。
效能：",『梔子、黃蘗、黃芩、黃連、大黃、蜂蜜』
不含禁用物質,,,衛署成製      001989,"“華僑”六味地黃丸
Liu Wei Dih Huang Pills ""O.C.""","丸劑
成藥","適應症：肝腎不足、腰痛足痠、頭暈目眩、消渴、舌燥喉痛、足跟作痛。
效能：滋陰補腎。",『熟地黃、山茱萸、山藥、澤瀉、牡丹皮、茯苓、蜂蜜』
麻黃,S6興奮劑,"賽內之麻黃鹼尿液中濃度超過以下閾值則視為使用禁用物質：
去甲假麻黃鹼 (CATHINE) 5 MCG/ML
麻黃鹼 (EPHEDRINE) 10 MCG/ML
甲基麻黃鹼 (METHYLEPHEDRINE) 10 MCG/ML
假麻黃鹼 (PSEUDOEPHEDRINE) 150 MCG/ML",衛署成製      001999,"“三陽牌”感冒丸
GAAN MAW WAN ""SAN YANG  PAI""","丸劑
成藥","適應症：感冒初期引起之噴嚏、鼻塞
效能：",『葛根、麻黃、桂枝、白芍、甘草、大棗、乾薑、桔梗、石膏、蜂蜜』
不含禁用物質,,,衛署成製      002000,"“三陽牌”脾胃散
","散劑
成藥","適應症：脾胃虛弱、內虛不食。
效能：",『人參、白朮、茯苓、甘草、白扁豆、黃耆』
不含禁用物質,,,衛署成製      002002,"“三陽牌”風濕丸
FON SHU WAN ""SAN YANG PAI""","丸劑
成藥","適應症：風寒濕痹、腳氣筋攣
效能：",『附子、白朮、甘草、當歸、防風、桂枝、薏苡仁、乳香、沒藥、茯苓、蜂蜜』
